ID,Symbol,Sequence
ENSP00000336856.4,HMG20A,MENLMTSSTLPPLFADEDGSKESNDLATTGLNHPEVPYSSGATSSTNNPEFVEDLSQGQLLQSESSNAAEGNEQRHEDEQRSKRGGWSKGRKRKKPLRDSNAPKSPLTGYVRFMNERREQLRAKRPEVPFPEITRMLGNEWSKLPPEEKQRYLDEADRDKERYMKELEQYQKTEAYKVFSRKTQDRQKGKSHRQDAARQATHDHEKETEVKERSVFDIPIFTEEFLNHSKAREAELRQLRKSNMEFEERNAALQKHVESMRTAVEKLEVDVIQERSRNTVLQQHLETLRQVLTSSFASMPLPGSGETPTVDTIDSYMNRLHSIILANPQDNENFIATVREVVNRLDR
ENSP00000309606.2,ZNF408,MEEAEELLLEGKKALQLAREPRLGLDLGWNPSGEGCTQGLKDVPPEPTRDILALKSLPRGLALGPSLAKEQRLGVWCVGDPLQPGLLWGPLEEESASKEKGEGVKPRQEENLSLGPWGDVCACEQSSGWTSLVQRGRLESEGNVAPVRISERLHLQVYQLVLPGSELLLWPQPSSEGPSLTQPGLDKEAAVAVVTEVESAVQQEVASPGEDAAEPCIDPGSQSPSGIQAENMVSPGLKFPTQDRISKDSQPLGPLLQDGDVDEECPAQAQMPPELQSNSATQQDPDGSGASFSSSARGTQPHGYLAKKLHSPSDQCPPRAKTPEPGAQQSGFPTLSRSPPGPAGSSPKQGRRYRCGECGKAFLQLCHLKKHAFVHTGHKPFLCTECGKSYSSEESFKAHMLGHRGVRPFPCPQCDKAYGTQRDLKEHQVVHSGARPFACDQCGKAFARRPSLRLHRKTHQVPAAPAPCPCPVCGRPLANQGSLRNHMRLHTGEKPFLCPHCGRAFRQRGNLRGHLRLHTGERPYRCPHCADAFPQLPELRRHLISHTGEAHLCPVCGKALRDPHTLRAHERLHSGERPFPCPQCGRAYTLATKLRRHLKSHLEDKPYRCPTCGMGYTLPQSLRRHQLSHRPEAPCSPPSVPSAASEPTVVLLQAEPQLLDTHREEEVSPARDVVEVTISESQEKCFVVPEEPDAAPSLVLIHKDMGLGAWAEVVEVEMGT
ENSP00000301838.5,FADD,MDPFLVLLHSVSSSLSSSELTELKFLCLGRVGKRKLERVQSGLDLFSMLLEQNDLEPGHTELLRELLASLRRHDLLRRVDDFEAGAAAGAAPGEEDLCAAFNVICDNVGKDWRRLARQLKVSDTKIDSIEDRYPRNLTERVRESLRIWKNTEKENATVAHLVGALRSCQMNLVADLVQEVQQARDLQNRSGAMSPMSWNSDASTSEAS
ENSP00000265428.4,WWP1,MATASPRSDTSNNHSGRLQLQVTVSSAKLKRKKNWFGTAIYTEVVVDGEITKTAKSSSSSNPKWDEQLTVNVTPQTTLEFQVWSHRTLKADALLGKATIDLKQALLIHNRKLERVKEQLKLSLENKNGIAQTGELTVVLDGLVIEQENITNCSSSPTIEIQENGDALHENGEPSARTTARLAVEGTNGIDNHVPTSTLVQNSCCSYVVNGDNTPSSPSQVAARPKNTPAPKPLASEPADDTVNGESSSFAPTDNASVTGTPVVSEENALSPNCTSTTVEDPPVQEILTSSENNECIPSTSAELESEARSILEPDTSNSRSSSAFEAAKSRQPDGCMDPVRQQSGNANTETLPSGWEQRKDPHGRTYYVDHNTRTTTWERPQPLPPGWERRVDDRRRVYYVDHNTRTTTWQRPTMESVRNFEQWQSQRNQLQGAMQQFNQRYLYSASMLAAENDPYGPLPPGWEKRVDSTDRVYFVNHNTKTTQWEDPRTQGLQNEEPLPEGWEIRYTREGVRYFVDHNTRTTTFKDPRNGKSSVTKGGPQIAYERGFRWKLAHFRYLCQSNALPSHVKINVSRQTLFEDSFQQIMALKPYDLRRRLYVIFRGEEGLDYGGLAREWFFLLSHEVLNPMYCLFEYAGKNNYCLQINPASTINPDHLSYFCFIGRFIAMALFHGKFIDTGFSLPFYKRMLSKKLTIKDLESIDTEFYNSLIWIRDNNIEECGLEMYFSVDMEILGKVTSHDLKLGGSNILVTEENKDEYIGLMTEWRFSRGVQEQTKAFLDGFNEVVPLQWLQYFDEKELEVMLCGMQEVDLADWQRNTVYRHYTRNSKQIIWFWQFVKETDNEVRMRLLQFVTGTCRLPLGGFAELMGSNGPQKFCIEKVGKDTWLPRSHTCFNRLDLPPYKSYEQLKEKLLFAIEETEGFGQE
ENSP00000469647.2,ZFP36,MDLTAIYESLLSLSPDVPVPSDHGGTESSPGWGSSGPWSLSPSDSSPSGVTSRLPGRSTSLVEGRSCGWVPPPPGFAPLAPRLGPELSPSPTSPTATSTTPSRYKTELCRTFSESGRCRYGAKCQFAHGLGELRQANRHPKYKTELCHKFYLQGRCPYGSRCHFIHNPSEDLAAPGHPPVLRQSISFSGLPSGRRTSPPPPGLAGPSLSSSSFSPSSSPPPPGDLPLSPSAFSAAPGTPLARRDPTPVCCPSCRRATPISVWGPLGGLVRTPSVQSLGSDPDEYASSGSSLGGSDSPVFEAGVFAPPQPVAAPRRLPIFNRISVSE
ENSP00000315379.6,PRPF3,MALSKRELDELKPWIEKTVKRVLGFSEPTVVTAALNCVGKGMDKKKAADHLKPFLDDSTLRFVDKLFEAVEEGRSSRHSKSSSDRSRKRELKEVFGDDSEISKESSGVKKRRIPRFEEVEEEPEVIPGPPSESPGMLTKLQIKQMMEAATRQIEERKKQLSFISPPTPQPKTPSSSQPERLPIGNTIQPSQAATFMNDAIEKARKAAELQARIQAQLALKPGLIGNANMVGLANLHAMGIAPPKVELKDQTKPTPLILDEQGRTVDATGKEIELTHRMPTLKANIRAVKREQFKQQLKEKPSEDMESNTFFDPRVSIAPSQRQRRTFKFHDKGKFEKIAQRLRTKAQLEKLQAEISQAARKTGIHTSTRLALIAPKKELKEGDIPEIEWWDSYIIPNGFDLTEENPKREDYFGITNLVEHPAQLNPPVDNDTPVTLGVYLTKKEQKKLRRQTRREAQKELQEKVRLGLMPPPEPKVRISNLMRVLGTEAVQDPTKVEAHVRAQMAKRQKAHEEANAARKLTAEQRKVKKIKKLKEDISQGVHISVYRVRNLSNPAKKFKIEANAGQLYLTGVVVLHKDVNVVVVEGGPKAQKKFKRLMLHRIKWDEQTSNTKGDDDEESDEEAVKKTNKCVLVWEGTAKDRSFGEMKFKQCPTENMAREHFKKHGAEHYWDLALSESVLESTD
ENSP00000381273.2,CRYBB2,MASDHQTQAGKPQSLNPKIIIFEQENFQGHSHELNGPCPNLKETGVEKAGSVLVQAGPWVGYEQANCKGEQFVFEKGEYPRWDSWTSSRRTDSLSSLRPIKVDSQEHKIILYENPNFTGKKMEIIDDDVPSFHAHGYQEKVSSVRVQSGTWVGYQYPGYRGLQYLLEKGDYKDSSDFGAPHPQVQSVRRIRDMQWHQRGAFHPSN
ENSP00000307197.4,DNAJB7,MVDYYEVLGLQRYASPEDIKKAYHKVALKWHPDKNPENKEEAERKFKEVAEAYEVLSNDEKRDIYDKYGTEGLNGGGSHFDDECEYGFTFHKPDDVFKEIFHERDPFSFHFFEDSLEDLLNRPGSSYGNRNRDAGYFFSTASEYPIFEKFSSYDTGYTSQGSLGHEGLTSFSSLAFDNSGMDNYISVTTSDKIVNGRNINTKKIIESDQEREAEDNGELTFFLVNSVANEEGFAKECSWRTQSFNNYSPNSHSSKHVSQYTFVDNDEGGISWVTSNRDPPIFSAGVKEGGKRKKKKRKEVQKKSTKRNC
ENSP00000432174.2,RAG2,MSLQMVTVSNNIALIQPGFSLMNFDGQVFFFGQKGWPKRSCPTGVFHLDVKHNHVKLKPTIFSKDSCYLPPLRYPATCTFKGSLESEKHQYIIHGGKTPNNEVSDKIYVMSIVCKNNKKVTFRCTEKDLVGDVPEARYGHSINVVYSRGKSMGVLFGGRSYMPSTHRTTEKWNSVADCLPCVFLVDFEFGCATSYILPELQDGLSFHVSIAKNDTIYILGGHSLANNIRPANLYRIRVDLPLGSPAVNCTVLPGGISVSSAILTQTNNDEFVIVGGYQLENQKRMICNIISLEDNKIEIREMETPDWTPDIKHSKIWFGSNMGNGTVFLGIPGDNKQVVSEGFYFYMLKCAEDDTNEEQTTFTNSQTSTEDPGDSTPFEDSEEFCFSAEANSFDGDDEFDTYNEDDEEDESETGYWITCCPTCDVDINTWVPFYSTELNKPAMIYCSHGDGHWVHAQCMDLAERTLIHLSAGSNKYYCNEHVEIARALHTPQRVLPLKKPPMKSLRKKGSGKILTPAKKSFLRRLFD
ENSP00000287538.5,ZIC3,MTMLLDGGPQFPGLGVGSFGAPRHHEMPNREPAGMGLNPFGDSTHAAAAAAAAAAFKLSPAAAHDLSSGQSSAFTPQGSGYANALGHHHHHHHHHHHTSQVPSYGGAASAAFNSTREFLFRQRSSGLSEAASGGGQHGLFAGSASSLHAPAGIPEPPSYLLFPGLHEQGAGHPSPTGHVDNNQVHLGLRGELFGRADPYRPVASPRTDPYAAGAQFPNYSPMNMNMGVNVAAHHGPGAFFRYMRQPIKQELSCKWIDEAQLSRPKKSCDRTFSTMHELVTHVTMEHVGGPEQNNHVCYWEECPREGKSFKAKYKLVNHIRVHTGEKPFPCPFPGCGKIFARSENLKIHKRTHTGEKPFKCEFEGCDRRFANSSDRKKHMHVHTSDKPYICKVCDKSYTHPSSLRKHMKVHESQGSDSSPAASSGYESSTPPAIASANSKDTTKTPSAVQTSTSHNPGLPPNFNEWYV
ENSP00000254480.5,SMARCC1,MAAAAGGGGPGTAVGATGSGIAAAAAGLAVYRRKDGGPATKFWESPETVSQLDSVRVWLGKHYKKYVHADAPTNKTLAGLVVQLLQFQEDAFGKHVTNPAFTKLPAKCFMDFKAGGALCHILGAAYKYKNEQGWRRFDLQNPSRMDRNVEMFMNIEKTLVQNNCLTRPNIYLIPDIDLKLANKLKDIIKRHQGTFTDEKSKASHHIYPYSSSQDDEEWLRPVMRKEKQVLVHWGFYPDSYDTWVHSNDVDAEIEDPPIPEKPWKVHVKWILDTDIFNEWMNEEDYEVDENRKPVSFRQRISTKNEEPVRSPERRDRKASANARKRKHSPSPPPPTPTESRKKSGKKGQASLYGKRRSQKEEDEQEDLTKDMEDPTPVPNIEEVVLPKNVNLKKDSENTPVKGGTVADLDEQDEETVTAGGKEDEDPAKGDQSRSVDLGEDNVTEQTNHIIIPSYASWFDYNCIHVIERRALPEFFNGKNKSKTPEIYLAYRNFMIDTYRLNPQEYLTSTACRRNLTGDVCAVMRVHAFLEQWGLVNYQVDPESRPMAMGPPPTPHFNVLADTPSGLVPLHLRSPQVPAAQQMLNFPEKNKEKPVDLQNFGLRTDIYSKKTLAKSKGASAGREWTEQETLLLLEALEMYKDDWNKVSEHVGSRTQDECILHFLRLPIEDPYLENSDASLGPLAYQPVPFSQSGNPVMSTVAFLASVVDPRVASAAAKAALEEFSRVREEVPLELVEAHVKKVQEAARASGKVDPTYGLESSCIAGTGPDEPEKLEGAEEEKMEADPDGQQPEKAENKVENETDEGDKAQDGENEKNSEKEQDSEVSEDTKSEEKETEENKELTDTCKERESDTGKKKVEHEISEGNVATAAAAALASAATKAKHLAAVEERKIKSLVALLVETQMKKLEIKLRHFEELETIMDREKEALEQQRQQLLTERQNFHMEQLKYAELRARQQMEQQQHGQNPQQAHQHSGGPGLAPLGAAGHPGMMPHQQPPPYPLMHHQMPPPHPPQPGQIPGPGSMMPGQHMPGRMIPTVAANIHPSGSGPTPPGMPPMPGNILGPRVPLTAPNGMYPPPPQQQPPPPPPADGVPPPPAPGPPASAAP
ENSP00000420448.1,ZNF148,MNIDDKLEGLFLKCGGIDEMQSSRTMVVMGGVSGQSTVSGELQDSVLQDRSMPHQEILAADEVLQESEMRQQDMISHDELMVHEETVKNDEEQMETHERLPQGLQYALNVPISVKQEITFTDVSEQLMRDKKQIREPVDLQKKKKRKQRSPAKILTINEDGSLGLKTPKSHVCEHCNAAFRTNYHLQRHVFIHTGEKPFQCSQCDMRFIQKYLLQRHEKIHTGEKPFRCDECGMRFIQKYHMERHKRTHSGEKPYQCEYCLQYFSRTDRVLKHKRMCHENHDKKLNRCAIKGGLLTSEEDSGFSTSPKDNSLPKKKRQKTEKKSSGMDKESALDKSDLKKDKNDYLPLYSSSTKVKDEYMVAEYAVEMPHSSVGGSHLEDASGEIHPPKLVLKKINSKRSLKQPLEQNQTISPLSTYEESKVSKYAFELVDKQALLDSEGNADIDQVDNLQEGPSKPVHSSTNYDDAMQFLKKKRYLQAASNNSREYALNVGTIASQPSVTQAAVASVIDESTTASILESQALNVEIKSNHDKNVIPDEVLQTLLDHYSHKANGQHEISFSVADTEVTSSISINSSEVPEVTPSENVGSSSQASSSDKANMLQEYSKFLQQALDRTSQNDAYLNSPSLNFVTDNQTLPNQPAFSSIDKQVYATMPINSFRSGMNSPLRTTPDKSHFGLIVGDSQHSFPFSGDETNHASATSTQDFLDQVTSQKKAEAQPVHQAYQMSSFEQPFRAPYHGSRAGIATQFSTANGQVNLRGPGTSAEFSEFPLVNVNDNRAGMTSSPDATTGQTFG
ENSP00000260988.4,CRYGB,MGKITFYEDRAFQGRSYECTTDCPNLQPYFSRCNSIRVESGCWMIYERPNYQGHQYFLRRGEYPDYQQWMGLSDSIRSCCLIPPHSGAYRMKIYDRDELRGQMSELTDDCISVQDRFHLTEIHSLNVLEGSWILYEMPNYRGRQYLLRPGEYRRFLDWGAPNAKVGSLRRVMDLY
ENSP00000494522.3,BLK,MGLVSSKKPDKEKPIKEKDKGQWSPLKVSAQDKDAPPLPPLVVFNHLTPPPPDEHLDEDKHFVVALYDYTAMNDRDLQMLKGEKLQVLKGTGDWWLARSLVTGREGYVPSNFVARVESLEMERWFFRSQGRKEAERQLLAPINKAGSFLIRESETNKGAFSLSVKDVTTQGELIKHYKIRCLDEGGYYISPRITFPSLQALVQHYSKKGDGLCQRLTLPCVRPAPQNPWAQDEWEIPRQSLRLVRKLGSGQFGEVWMGYYKNNMKVAIKTLKEGTMSPEAFLGEANVMKALQHERLVRLYAVVTKEPIYIVTEYMARGCLLDFLKTDEGSRLSLPRLIDMSAQIAEGMAYIERMNSIHRDLRAANILVSEALCCKIADFGLARIIDSEYTAQEGAKFPIKWTAPEAIHFGVFTIKADVWSFGVLLMEVVTYGRVPYPGMSNPEVIRNLERGYRMPRPDTCPPELYRGVIAECWRSRPEERPTFEFLQSVLEDFYTATERQYELQP
ENSP00000498217.1,ALX4,MNAETCVSYCESPAAAMDAYYSPVSQSREGSSPFRAFPGGDKFGTTFLSAAAKAQGFGDAKSRARYGAGQQDLATPLESGAGARGSFNKFQPQPSTPQPQPPPQPQPQQQQPQPQPPAQPHLYLQRGACKTPPDGSLKLQEGSSGHSAALQVPCYAKESSLGEPELPPDSDTVGMDSSYLSVKEAGVKGPQDRASSDLPSPLEKADSESNKGKKRRNRTTFTSYQLEELEKVFQKTHYPDVYAREQLAMRTDLTEARVQVWFQNRRAKWRKRERFGQMQQVRTHFSTAYELPLLTRAENYAQIQNPSWLGNNGAASPVPACVVPCDPVPACMSPHAHPPGSGASSVTDFLSVSGAGSHVGQTHMGSLFGAASLSPGLNGYELNGEPDRKTSSIAALRMKAKEHSAAISWAT
ENSP00000496652.1,CRYGD,MGKITLYEDRGFQGRHYECSSDHPNLQPYLSRCNSARVDSGCWMLYEQPNYSGLQYFLRRGDYADHQQWMGLSDSVRSCRLIPHSGSHRIRLYEREDYRGQMIEFTEDCSCLQDRFRFNEIHSLNVLEGSWVLYELSNYRGRQYLLMPGDYRRYQDWGATNARVGSLRRVIDFS
ENSP00000341214.5,H1-6,MSETVPAASASAGVAAMEKLPTKKRGRKPAGLISASRKVPNLSVSKLITEALSVSQERVGMSLVALKKALAAAGYDVEKNNSRIKLSLKSLVNKGILVQTRGTGASGSFKLSKKVIPKSTRSKAKKSVSAKTKKLVLSRDSKSPKTAKTNKRAKKPRATTPKTVRSGRKAKGAKGKQQQKSPVKARASKSKLTQHHEVNVRKATSKK
ENSP00000288235.4,MYO1E,MGSKGVYQYHWQSHNVKHSGVDDMVLLSKITENSIVENLKKRYMDDYIFTYIGSVLISVNPFKQMPYFGEKEIEMYQGAAQYENPPHIYALADNMYRNMIIDRENQCVIISGESGAGKTVAAKYIMSYISRVSGGGTKVQHVKDIILQSNPLLEAFGNAKTVRNNNSSRFGKYFEIQFSPGGEPDGGKISNFLLEKSRVVMRNPGERSFHIFYQLIEGASAEQKHSLGITSMDYYYYLSLSGSYKVDDIDDRREFQETLHAMNVIGIFAEEQTLVLQIVAGILHLGNISFKEVGNYAAVESEEFLAFPAYLLGINQDRLKEKLTSRQMDSKWGGKSESIHVTLNVEQACYTRDALAKALHARVFDFLVDSINKAMEKDHEEYNIGVLDIYGFEIFQKNGFEQFCINFVNEKLQQIFIELTLKAEQEEYVQEGIRWTPIEYFNNKIVCDLIENKVNPPGIMSILDDVCATMHAVGEGADQTLLQKLQMQIGSHEHFNSWNQGFIIHHYAGKVSYDMDGFCERNRDVLFMDLIELMQSSELPFIKSLFPENLQADKKGRPTTAGSKIKKQANDLVSTLMKCTPHYIRCIKPNETKKPRDWEESRVKHQVEYLGLKENIRVRRAGYAYRRIFQKFLQRYAILTKATWPSWQGEEKQGVLHLLQSVNMDSDQFQLGRSKVFIKAPESLFLLEEMRERKYDGYARVIQKSWRKFVARKKYVQMREEASDLLLNKKERRRNSINRNFIGDYIGMEEHPELQQFVGKREKIDFADTVTKYDRRFKGVKRDLLLTPKCLYLIGREKVKQGPDKGLVKEVLKRKIEIERILSVSLSTMQDDIFILHEQEYDSLLESVFKTEFLSLLAKRYEEKTQKQLPLKFSNTLELKLKKENWGPWSAGGSRQVQFHQGFGDLAVLKPSNKVLQVSIGPGLPKNSRPTRRNTTQNTGYSSGTQNANYPVRAAPPPPGYHQNGVIRNQYVPYPHAPGSQRSNQKSLYTSMARPPLPRQQSTSSDRVSQTPESLDFLKVPDQGAAGVRRQTTSRPPPAGGRPKPQPKPKPQVPQCKALYAYDAQDTDELSFNANDIIDIIKEDPSGWWTGRLRGKQGLFPNNYVTKI
ENSP00000361636.3,TNNC2,MTDQQAEARSYLSEEMIAEFKAAFDMFDADGGGDISVKELGTVMRMLGQTPTKEELDAIIEEVDEDGSGTIDFEEFLVMMVRQMKEDAKGKSEEELAECFRIFDRNADGYIDPEELAEIFRASGEHVTDEEIESLMKDGDKNNDGRIDFDEFLKMMEGVQ
ENSP00000358081.4,BAG3,MSAATHSPMMQVASGNGDRDPLPPGWEIKIDPQTGWPFFVDHNSRTTTWNDPRVPSEGPKETPSSANGPSREGSRLPPAREGHPVYPQLRPGYIPIPVLHEGAENRQVHPFHVYPQPGMQRFRTEAAAAAPQRSQSPLRGMPETTQPDKQCGQVAAAAAAQPPASHGPERSQSPAASDCSSSSSSASLPSSGRSSLGSHQLPRGYISIPVIHEQNVTRPAAQPSFHQAQKTHYPAQQGEYQTHQPVYHKIQGDDWEPRPLRAASPFRSSVQGASSREGSPARSSTPLHSPSPIRVHTVVDRPQQPMTHRETAPVSQPENKPESKPGPVGPELPPGHIPIQVIRKEVDSKPVSQKPPPPSEKVEVKVPPAPVPCPPPSPGPSAVPSSPKSVATEERAAPSTAPAEATPPKPGEAEAPPKHPGVLKVEAILEKVQGLEQAVDNFEGKKTDKKYLMIEEYLTKELLALDSVDPEGRADVRQARRDGVRKVQTILEKLEQKAIDVPGQVQVYELQPSNLEADQPLQAIMEMGAVAADKGKKNAGNAEDPHTETQQPEATAAATSNPSSMTDTPGNPAAP
ENSP00000406998.2,PRDM8,MEDTGIQRGIWDGDAKAVQQCLTDIFTSVYTTCDIPENAIFGPCVLSHTSLYDSIAFIALKSTDKRTVPYIFRVDTSAANGSSEGLMWLRLVQSARDKEEQNLEAYIKNGQLFYRSLRRIAKDEELLVWYGKELTELLLLCPSRSHNKMNGSSPYTCLECSQRFQFEFPYVAHLRFRCPKRLHSADISPQDEQGGGVGTKDHGGGGGGGKDQQQQQQEAPLGPGPKFCKAGPLHHYPSPSPESSNPSAAAGGSSAKPSTDFHNLARELENSRGGSSCSPAQSLSSGSGSGGGGGHQEAELSPDGIATGGGKGKRKFPEEAAEGGGGAGLVGGRGRFVERPLPASKEDLVCTPQQYRASGSYFGLEENGRLFAPPSPETGEAKRSAFVEVKKAARAASLQEEGTADGAGVASEDQDAGGGGGSSTPAAASPVGAEKLLAPRPGGPLPSRLEGGSPARGSAFTSVPQLGSAGSTSGGGGTGAGAAGGAGGGQGAASDERKSAFSQPARSFSQLSPLVLGQKLGALEPCHPADGVGPTRLYPAAADPLAVKLQGAADLNGGCGSLPSGGGGLPKQSPFLYATAFWPKSSAAAAAAAAAAAAGPLQLQLPSALTLLPPSFTSLCLPAQNWCAKCNASFRMTSDLVYHMRSHHKKEYAMEPLVKRRREEKLKCPICNESFRERHHLSRHMTSHN
ENSP00000498190.1,HESX1,MSPSLQEGAQLGENKPSTCSFSIERILGLDQKKDCVPLMKPHRPWADTCSSSGKDGNLCLHVPNPPSGISFPSVVDHPMPEERASKYENYFSASERLSLKRELSWYRGRRPRTAFTQNQIEVLENVFRVNCYPGIDIREDLAQKLNLEEDRIQIWFQNRRAKLKRSHRESQFLMAKKNFNTNLLE
ENSP00000366153.1,ZNF81,MPANEDAPQPGEHGSACEVSVSFEDVTVDFSREEWQQLDSTQRRLYQDVMLENYSHLLSVGFEVPKPEVIFKLEQGEGPWTLEGEAPHQSCSDGKFGIKPSQRRISGKSTFHSEMEGEDTRDDSLYSILEELWQDAEQIKRCQEKHNKLLSRTTFLNKKILNTEWDYEYKDFGKFVHPSPNLILSQKRPHKRDSFGKSFKHNLDLHIHNKSNAAKNLDKTIGHGQVFTQNSSYSHHENTHTGVKFCERNQCGKVLSLKHSLSQNVKFPIGEKANTCTEFGKIFTQRSHFFAPQKIHTVEKPHELSKCVNVFTQKPLLSIYLRVHRDEKLYICTKCGKAFIQNSELIMHEKTHTREKPYKCNECGKSFFQVSSLLRHQTTHTGEKLFECSECGKGFSLNSALNIHQKIHTGERHHKCSECGKAFTQKSTLRMHQRIHTGERSYICTQCGQAFIQKAHLIAHQRIHTGEKPYECSDCGKSFPSKSQLQMHKRIHTGEKPYICTECGKAFTNRSNLNTHQKSHTGEKSYICAECGKAFTDRSNFNKHQTIHTGEKPYVCADCGRAFIQKSELITHQRIHTTEKPYKCPDCEKSFSKKPHLKVHQRIHTGEKPYICAECGKAFTDRSNFNKHQTIHTGDKPYKCSDCGKGFTQKSVLSMHRNIHT
ENSP00000263666.4,PDZRN3,MGFELDRFDGDVDPDLKCALCHKVLEDPLTTPCGHVFCAGCVLPWVVQEGSCPARCRGRLSAKELNHVLPLKRLILKLDIKCAYATRGCGRVVKLQQLPEHLERCDFAPARCRHAGCGQVLLRRDVEAHMRDACDARPVGRCQEGCGLPLTHGEQRAGGHCCARALRAHNGALQARLGALHKALKKEALRAGKREKSLVAQLAAAQLELQMTALRYQKKFTEYSARLDSLSRCVAAPPGGKGEETKSLTLVLHRDSGSLGFNIIGGRPSVDNHDGSSSEGIFVSKIVDSGPAAKEGGLQIHDRIIEVNGRDLSRATHDQAVEAFKTAKEPIVVQVLRRTPRTKMFTPPSESQLVDTGTQTDITFEHIMALTKMSSPSPPVLDPYLLPEEHPSAHEYYDPNDYIGDIHQEMDREELELEEVDLYRMNSQDKLGLTVCYRTDDEDDIGIYISEIDPNSIAAKDGRIREGDRIIQINGIEVQNREEAVALLTSEENKNFSLLIARPELQLDEGWMDDDRNDFLDDLHMDMLEEQHHQAMQFTASVLQQKKHDEDGGTTDTATILSNQHEKDSGVGRTDESTRNDESSEQENNGDDATASSNPLAGQRKLTCSQDTLGSGDLPFSNESFISADCTDADYLGIPVDECERFRELLELKCQVKSATPYGLYYPSGPLDAGKSDPESVDKELELLNEELRSIELECLSIVRAHKMQQLKEQYRESWMLHNSGFRNYNTSIDVRRHELSDITELPEKSDKDSSSAYNTGESCRSTPLTLEISPDNSLRRAAEGISCPSSEGAVGTTEAYGPASKNLLSITEDPEVGTPTYSPSLKELDPNQPLESKERRASDGSRSPTPSQKLGSAYLPSYHHSPYKHAHIPAHAQHYQSYMQLIQQKSAVEYAQSQMSLVSMCKDLSSPTPSEPRMEWKVKIRSDGTRYITKRPVRDRLLRERALKIREERSGMTTDDDAVSEMKMGRYWSKEERKQHLVKAKEQRRRREFMMQSRLDCLKEQQAADDRKEMNILELSHKKMMKKRNKKIFDNWMTIQELLTHGTKSPDGTRVYNSFLSVTTV
ENSP00000260653.3,SIX3,MVFRSPLDLYSSHFLLPNFADSHHRSILLASSGGGNGAGGGGGAGGGSGGGNGAGGGGAGGAGGGGGGGSRAPPEELSMFQLPTLNFSPEQVASVCETLEETGDIERLGRFLWSLPVAPGACEAINKHESILRARAVVAFHTGNFRDLYHILENHKFTKESHGKLQAMWLEAHYQEAEKLRGRPLGPVDKYRVRKKFPLPRTIWDGEQKTHCFKERTRSLLREWYLQDPYPNPSKKRELAQATGLTPTQVGNWFKNRRQRDRAAAAKNRLQHQAIGPSGMRSLAEPGCPTHGSAESPSTAASPTTSVSSLTERADTGTSILSVTSSDSECDV
ENSP00000309790.4,MIS18BP1,MIATPLKHSRIYLPPEASSQRRNLPMDAIFFDSIPSGTLTPVKDLVKYQNSSLKLNDHKKNQFLKMTTFNNKNIFQSTMLTEATTSNSSLDISAIKPNKDGLKNKANYESPGKIFLRMKEKVLRDKQEQPSRNSSLLEPQKSGNNETFTPNRVEKKKLQHTYLCEEKENNKSFQSDDSSLRASVQGVPLESSNNDIFLPVKQKIQCQQEKKAPLHNLTYELPTLNQEQENFLAVEARNKTLTRAQLAKQIFHSKESIVATTKSKKDTFVLESVDSADEQFQNTNAETLSTNCIPIKNGSLLMVSDSERTTEGTSQQKVKEGNGKTVPGETGLPGSMKDTCKIVLATPRLHITIPRRSKRNISKLSPPRIFQTVTNGLKKNQVVQLQEWMIKSINNNTAICVEGKLIDVTNIYWHSNVIIERIEHNKLRTISGNVYILKGMIDQISMKEAGYPNYLIRKFMFGFPENWKEHIDNFLEQLRAGEKNREKTKQKQKTGRSVRDIRKSMKNDARENQTDTAQRATTTYDFDCDNLELKSNKHSESPGATELNMCHSNCQNKPTLRFPDDQVNNTIQNGGGDDLSNQELIGKKEYKMSSKKLKIGERTNERIIKSQKQETTEELDVSIDILTSREQFFSDEERKYMAINQKKAYILVTPLKSRKVIEQRCMRYNLSAGTIKAVTDFVIPECQKKSPISKSMGTLENTFEGHKSKNKEDCDERDLLTVNRKIKISNLEKEQMLTSDFKKNTRLLPKLKKIENQVAMSFYKHQSSPDLSSEESETEKEIKRKAEVKKTKAGNTKEAVVHLRKSTRNTSNIPVILEPETEESENEFYIKQKKARPSVKETLQKSGVRKEFPITEAVGSDKTNRHPLECLPGLIQDKEWNEKELQKLHCAFASLPKHKPGFWSEVAAAVGSRSPEECQRKYMENPRGKGSQKHVTKKKPANSKGQNGKRGDADQKQTIKITAKVGTLKRKQQMREFLEQLPKDDHDDFFSTTPLQHQRILLPSFQDSEDDDDILPNMDKNPTTPSSVIFPLVKTPQCQHVSPGMLGSINRNDCDKYVFRMQKYHKSNGGIVWGNIKKKLVETDFSTPTPRRKTPFNTDLGENSGIGKLFTNAVESLDEEEKDYYFSNSDSA
ENSP00000239878.4,UFM1,MSKVSFKITLTSDPRLPYKVLSVPESTPFTAVLKFAAEEFKVPAATSAIITNDGIGINPAQTAGNVFLKHGSELRIIPRDRVGSC
ENSP00000380256.4,CCNF,MGSGGVVHCRCAKCFCYPTKRRIRRRPRNLTILSLPEDVLFHILKWLSVEDILAVRAVHSQLKDLVDNHASVWACASFQELWPSPGNLKLFERAAEKGNFEAAVKLGIAYLYNEGLSVSDEARAEVNGLKASRFFSLAERLNVGAAPFIWLFIRPPWSVSGSCCKAVVHESLRAECQLQRTHKASILHCLGRVLSLFEDEEKQQQAHDLFEEAAHQGCLTSSYLLWESDRRTDVSDPGRCLHSFRKLRDYAAKGCWEAQLSLAKACANANQLGLEVRASSEIVCQLFQASQAVSKQQVFSVQKGLNDTMRYILIDWLVEVATMKDFTSLCLHLTVECVDRYLRRRLVPRYRLQLLGIACMVICTRFISKEILTIREAVWLTDNTYKYEDLVRMMGEIVSALEGKIRVPTVVDYKEVLLTLVPVELRTQHLCSFLCELSLLHTSLSAYAPARLAAAALLLARLTHGQTQPWTTQLWDLTGFSYEDLIPCVLSLHKKCFHDDAPKDYRQVSLTAVKQRFEDKRYGEISQEEVLSYSQLCAALGVTQDSPDPPTFLSTGEIHAFLSSPSGRRTKRKRENSLQEDRGSFVTTPTAELSSQEETLLGSFLDWSLDCCSGYEGDQESEGEKEGDVTAPSGILDVTVVYLNPEQHCCQESSDEEACPEDKGPQDPQALALDTQIPATPGPKPLVRTSREPGKDVTTSGYSSVSTASPTSSVDGGLGALPQPTSVLSLDSDSHTQPCHHQARKSCLQCRPPSPPESSVPQQQVKRINLCIHSEEEDMNLGLVRL
ENSP00000478114.2,BRCA1,MDLSALRVEEVQNVINAMQKILECPICLELIKEPVSTKCDHIFCKFCMLKLLNQKKGPSQCPLCKNDITKRSLQESTRFSQLVEELLKIICAFQLDTGLEYANSYNFAKKENNSPEHLKDEVSIIQSMGYRNRAKRLLQSEPENPSLQETSLSVQLSNLGTVRTLRTKQRIQPQKTSVYIELGSDSSEDTVNKATYCSVGDQELLQITPQGTRDEISLDSAKKAACEFSETDVTNTEHHQPSNNDLNTTEKRAAERHPEKYQGSSVSNLHVEPCGTNTHASSLQHENSSLLLTKDRMNVEKAEFCNKSKQPGLARSQHNRWAGSKETCNDRRTPSTEKKVDLNADPLCERKEWNKQKLPCSENPRDTEDVPWITLNSSIQKVNEWFSRSDELLGSDDSHDGESESNAKVADVLDVLNEVDEYSGSSEKIDLLASDPHEALICKSERVHSKSVESNIEDKIFGKTYRKKASLPNLSHVTENLIIGAFVTEPQIIQERPLTNKLKRKRRPTSGLHPEDFIKKADLAVQKTPEMINQGTNQTEQNGQVMNITNSGHENKTKGDSIQNEKNPNPIESLEKESAFKTKAEPISSSISNMELELNIHNSKAPKKNRLRRKSSTRHIHALELVVSRNLSPPNCTELQIDSCSSSEEIKKKKYNQMPVRHSRNLQLMEGKEPATGAKKSNKPNEQTSKRHDSDTFPELKLTNAPGSFTKCSNTSELKEFVNPSLPREEKEEKLETVKVSNNAEDPKDLMLSGERVLQTERSVESSSISLVPGTDYGTQESISLLEVSTLGKAKTEPNKCVSQCAAFENPKGLIHGCSKDNRNDTEGFKYPLGHEVNHSRETSIEMEESELDAQYLQNTFKVSKRQSFAPFSNPGNAEEECATFSAHSGSLKKQSPKVTFECEQKEENQGKNESNIKPVQTVNITAGFPVVGQKDKPVDNAKCSIKGGSRFCLSSQFRGNETGLITPNKHGLLQNPYRIPPLFPIKSFVKTKCKKNLLEENFEEHSMSPEREMGNENIPSTVSTISRNNIRENVFKEASSSNINEVGSSTNEVGSSINEIGSSDENIQAELGRNRGPKLNAMLRLGVLQPEVYKQSLPGSNCKHPEIKKQEYEEVVQTVNTDFSPYLISDNLEQPMGSSHASQVCSETPDDLLDDGEIKEDTSFAENDIKESSAVFSKSVQKGELSRSPSPFTHTHLAQGYRRGAKKLESSEENLSSEDEELPCFQHLLFGKVNNIPSQSTRHSTVATECLSKNTEENLLSLKNSLNDCSNQVILAKASQEHHLSEETKCSASLFSSQCSELEDLTANTNTQDPFLIGSSKQMRHQSESQGVGLSDKELVSDDEERGTGLEENNQEEQSMDSNLGEAASGCESETSVSEDCSGLSSQSDILTTQQRDTMQHNLIKLQQEMAELEAVLEQHGSQPSNSYPSIISDSSALEDLRNPEQSTSEKAVLTSQKSSEYPISQNPEGLSADKFEVSADSSTSKNKEPGVERSSPSKCPSLDDRWYMHSCSGSLQNRNYPSQEELIKVVDVEEQQLEESGPHDLTETSYLPRQDLEGTPYLESGISLFSDDPESDPSEDRAPESARVGNIPSSTSALKVPQLKVAESAQSPAAAHTTDTAGYNAMEESVSREKPELTASTERVNKRMSMVVSGLTPEEFMLVYKFARKHHITLTNLITEETTHVVMKTDAEFVCERTLKYFLGIAGGKWVVSYFWVTQSIKERKMLNEHDFEVRGDVVNGRNHQGPKRARESQDRKIFRGLEICCYGPFTNMPTDQLEWMVQLCGASVVKELSSFTLGTGVHPIVVVQPDAWTEDNGFHAIGQMCEAPVVTREWVLDSVALYQCQELDTYLIPQIPHSHY
ENSP00000289473.4,NCF1,MGDTFIRHIALLGFEKRFVPSQHYVYMFLVKWQDLSEKVVYRRFTEIYEFHKTLKEMFPIEAGAINPENRIIPHLPAPKWFDGQRAAENRQGTLTEYCSTLMSLPTKISRCPHLLDFFKVRPDDLKLPTDNQTKKPETYLMPKDGKSTATDITGPIILQTYRAIANYEKTSGSEMALSTGDVVEVVEKSESGWWFCQMKAKRGWIPASFLEPLDSPDETEDPEPNYAGEPYVAIKAYTAVEGDEVSLLEGEAVEVIHKLLDGWWVIRKDDVTGYFPSMYLQKSGQDVSQAQRQIKRGAPPRRSSIRNAHSIHQRSRKRLSQDAYRRNSVRFLQQRRRQARPGPQSPGSPLEEERQTQRSKPQPAVPPRPSADLILNRCSESTKRKLASAV
ENSP00000350815.3,NR3C2,METKGYHSLPEGLDMERRWGQVSQAVERSSLGPTERTDENNYMEIVNVSCVSGAIPNNSTQGSSKEKQELLPCLQQDNNRPGILTSDIKTELESKELSATVAESMGLYMDSVRDADYSYEQQNQQGSMSPAKIYQNVEQLVKFYKGNGHRPSTLSCVNTPLRSFMSDSGSSVNGGVMRAVVKSPIMCHEKSPSVCSPLNMTSSVCSPAGINSVSSTTASFGSFPVHSPITQGTPLTCSPNVENRGSRSHSPAHASNVGSPLSSPLSSMKSSISSPPSHCSVKSPVSSPNNVTLRSSVSSPANINNSRCSVSSPSNTNNRSTLSSPAASTVGSICSPVNNAFSYTASGTSAGSSTLRDVVPSPDTQEKGAQEVPFPKTEEVESAISNGVTGQLNIVQYIKPEPDGAFSSSCLGGNSKINSDSSFSVPIKQESTKHSCSGTSFKGNPTVNPFPFMDGSYFSFMDDKDYYSLSGILGPPVPGFDGNCEGSGFPVGIKQEPDDGSYYPEASIPSSAIVGVNSGGQSFHYRIGAQGTISLSRSARDQSFQHLSSFPPVNTLVESWKSHGDLSSRRSDGYPVLEYIPENVSSSTLRSVSTGSSRPSKICLVCGDEASGCHYGVVTCGSCKVFFKRAVEGQHNYLCAGRNDCIIDKIRRKNCPACRLQKCLQAGMNLGARKSKKLGKLKGIHEEQPQQQQPPPPPPPPQSPEEGTTYIAPAKEPSVNTALVPQLSTISRALTPSPVMVLENIEPEIVYAGYDSSKPDTAENLLSTLNRLAGKQMIQVVKWAKVLPGFKNLPLEDQITLIQYSWMCLSSFALSWRSYKHTNSQFLYFAPDLVFNEEKMHQSAMYELCQGMHQISLQFVRLQLTFEEYTIMKVLLLLSTIPKDGLKSQAAFEEMRTNYIKELRKMVTKCPNNSGQSWQRFYQLTKLLDSMHDLVSDLLEFCFYTFRESHALKVEFPAMLVEIISDQLPKVESGNAKPLYFHRK
ENSP00000382507.2,UBXN2B,MAEGGGPEPGEQERRSSGPRPPSARDLQLALAELYEDEVKCKSSKSNRPKATVFKSPRTPPQRFYSSEHEYSGLNIVRPSTGKIVNELFKEAREHGAVPLNEATRASGDDKSKSFTGGGYRLGSSFCKRSEYIYGENQLQDVQILLKLWSNGFSLDDGELRPYNEPTNAQFLESVKRGEIPLELQRLVHGGQVNLDMEDHQDQEYIKPRLRFKAFSGEGQKLGSLTPEIVSTPSSPEEEDKSILNAVVLIDDSVPTTKIQIRLADGSRLIQRFNSTHRILDVRNFIVQSRPEFAALDFILVTSFPNKELTDESLTLLEADILNTVLLQQLK
ENSP00000337034.4,ZMYM5,MEKCSVGGLELTEQTPALLGNMAMATSLMDIGDSFGHPACPLVSRSRNSPVEDDDDDDDVVFIESIQPPSISAPAIADQRNFIFASSKNEKPQGNYSVIPPSSRDLASQKGNISETIVIDDEEDIETNGGAEKKSSCFIEWGLPGTKNKTNDLDFSTSSLSRSKTKTGVRPFNPGRMNVAGDLFQNGEFATHHSPDSWISQSASFPSNQKQPGVDSLSPVALLRKQNFQPTAQQQLTKPAKITCANCKKPLQKGQTAYQRKGSAHLFCSTTCLSSFSHKRTQNTRSIICKKDASTKKANVILPVESSKSFQEFYSTSCLSPCENNWNLKKGVFNKSRCTICSKLAEIRHEVSVNNVTHKLCSNHCFNKYRLANGLIMNCCEHCGEYMPSKSTGNNILVIGGQQKRFCCQSCINEYKQMMETKSKKLTASENRKRNAFREENEKQLYGSSNTLLKKIEGIPEKKEKTSQLQLSVECGTDTLLIQENVNLPPSSTSTIADTFQEQLEEKNFEDSIVPVVLSADPGTWPRILNIKQRDTLVENVPPQVRNFNFPKDNTGRKFSETYYTRILPNGEKTTRSWLLYSTSKDSVFCLYCKLFGEGKNQLKNENGCKDWQHLSHILSKHEESEMHVNNSVKYSKLKSDLKKNKAIDAAEHRLYENEKNDGVLLLYT
ENSP00000496418.1,CRYGC,MGKITFYEDRAFQGRSYETTTDCPNLQPYFSRCNSIRVESGCWMLYERPNYQGQQYLLRRGEYPDYQQWMGLSDSIRSCCLIPQTVSHRLRLYEREDHKGLMMELSEDCPSIQDRFHLSEIRSLHVLEGCWVLYELPNYRGRQYLLRPQEYRRCQDWGAMDAKAGSLRRVVDLY
ENSP00000297316.4,SOX17,MSSPDAGYASDDQSQTQSALPAVMAGLGPCPWAESLSPIGDMKVKGEAPANSGAPAGAAGRAKGESRIRRPMNAFMVWAKDERKRLAQQNPDLHNAELSKMLGKSWKALTLAEKRPFVEEAERLRVQHMQDHPNYKYRPRRRKQVKRLKRVEGGFLHGLAEPQAAALGPEGGRVAMDGLGLQFPEQGFPAGPPLLPPHMGGHYRDCQSLGAPPLDGYPLPTPDTSPLDGVDPDPAFFAAPMPGDCPAAGTYSYAQVSDYAGPPEPPAGPMHPRLGPEPAGPSIPGLLAPPSALHVYYGAMGSPGAGGGRGFQMQPQHQHQHQHQHHPPGPGQPSPPPEALPCRDGTDPSQPAELLGEVDRTEFEQYLHFVCKPEMGLPYQGHDSGVNLPDSHGAISSVVSDASSAVYYCNYPDV
ENSP00000329170.5,POU3F2,MATAASNHYSLLTSSASIVHAEPPGGMQQGAGGYREAQSLVQGDYGALQSNGHPLSHAHQWITALSHGGGGGGGGGGGGGGGGGGGGGDGSPWSTSPLGQPDIKPSVVVQQGGRGDELHGPGALQQQHQQQQQQQQQQQQQQQQQQQQQRPPHLVHHAANHHPGPGAWRSAAAAAHLPPSMGASNGGLLYSQPSFTVNGMLGAGGQPAGLHHHGLRDAHDEPHHADHHPHPHSHPHQQPPPPPPPQGPPGHPGAHHDPHSDEDTPTSDDLEQFAKQFKQRRIKLGFTQADVGLALGTLYGNVFSQTTICRFEALQLSFKNMCKLKPLLNKWLEEADSSSGSPTSIDKIAAQGRKRKKRTSIEVSVKGALESHFLKCPKPSAQEITSLADSLQLEKEVVRVWFCNRRQKEKRMTPPGGTLPGAEDVYGGSRDTPPHHGVQTPVQ
ENSP00000229335.6,AICDA,MDSLLMNRRKFLYQFKNVRWAKGRRETYLCYVVKRRDSATSFSLDFGYLRNKNGCHVELLFLRYISDWDLDPGRCYRVTWFTSWSPCYDCARHVADFLRGNPNLSLRIFTARLYFCEDRKAEPEGLRRLHRAGVQIAIMTFKDYFYCWNTFVENHERTFKAWEGLHENSVRLSRQLRRILLPLYEVDDLRDAFRTLGL
ENSP00000494562.1,FNBP4,MGKKSRAVPGRRPILQLSPPGPRGSTPGRDPEPEPDTEPDSTAAVPSQPAPSAATTTTTAVTAAAASDDSPSEDEQEAVQEVPRVVQNPPKPVMTTRPTAVKATGGLCLLGAYADSDDDDNDVSEKLAQSKETNGNQSTDIDSTLANFLAEIDAITAPQPAAPVGASAPPPTPPRPEPKEAATSTLSSSTSNGTDSTQTSGWQYDTQCSLAGVGIEMGDWQEVWDENTGCYYYWNTQTNEVTWELPQYLATQVQGLQHYQPSSVPGAETSFVVNTDIYSKEKTISVSSSKSGPVIAKREVKKEVNEGIQALSNSEEEKKGVAASLLAPLLPEGIKEEEERWRRKVICKEEPVSEVKETSTTVEEATTIVKPQEIMLDNIEDPSQEDLCSVVQSGESEEEEEQDTLELELVLERKKAELRALEEGDGSVSGSSPRSDISQPASQDGMRRLMSKRGKWKMFVRATSPESTSRSSSKTGRDTPENGETAIGAENSEKIDENSDKEMEVEESPEKIKVQTTPKVEEEQDLKFQIGELANTLTSKFEFLGINRQSISNFHVLLLQTETRIADWREGALNGNYLKRKLQDAAEQLKQYEINATPKGWSCHWDRDHRRYFYVNEQSGESQWEFPDGEEEEEESQAQENRDETLAKQTLKDKTGTDSNSTESSETSTGSLCKESFSGQVSSSSLMPLTPFWTLLQSNVPVLQPPLPLEMPPPPPPPPESPPPPPPPPPPAEDGEIQEVEMEDEGSEEPPAPGTEEDTPLKPSAQTTVVTSQSSVDSTISSSSSTKGIKRKATEISTAVVQRSATIGSSPVLYSQSAIATGHQAAGIGNQATGIGHQTIPVSLPAAGMGHQARGMSLQSNYLGLAAAPAIMSYAECSVPIGVTAPSLQPVQARGAVPTATIIEPPPPPPPPPPPPPPAPKMPPPEKTKKGRKDKAKKSKTKMPSLVKKWQSIQRELDEEDNSSSSEEDRESTAQKRIEEWKQQQLVSGMAERNANFEALPEDWRARLKRRKMAPNT
ENSP00000311257.4,STOX2,MKKTRSTTLRRAWPSSDFSDRASDRMRSRSEKDYRLHKRFPAAFAPQASRGYMTSGDVSPISMSPISQSQFIPLGEILCLAISAMNSARKPVTQEALMEHLTTCFPGVPTPSQEILRHTLNTLVRERKIYPTPDGYFIVTPQTYFITPSLIRTNSKWYHLDERIPDRSQCTSPQPGTITPSASGCVRERTLPRNHCDSCHCCREDVHSTHAPTLQRKSAKDCKDPYCPPSLCQVPPTEKSKSTVNFSYKTETLSKPKDSEKQSKKFGLKLFRLSFKKDKTKQLANFSAQFPPEEWPLRDEDTPATIPREVEMEIIRRINPDLTVENVMRHTALMKKLEEEKAQRSKAGSSAHHSGRSKKSRTHRKSHGKSRSHSKTRVSKGDPSDGSHLDIPAEREYDFCDPLTRVPREGCFIIEHKGDNFIMHSNTNVLESHFPMTPEWDVSGELAKRRTEMPFPEPSRGSSHSKVHRSHSHTQDRRSRNERSNKAKERSRSMDNSKGPLGASSLGTPEDLAEGCSQDDQTPSQSYIDDSTLRPAQTVSLQRAHISSTSYKEVCIPEIVSGSKEPSSACSLLEPGKPPESLPSYGELNSCPTKTATDDYFQCNTSSETVLTAPSPLGKNKEDHDTLTLAEGVKKLSPSDRQVPHSSREPVGHKEESPKGPGGGPAASGGVAEGIANGRLVQHHGAEPSSLDKRKEIFSKDTLFKPLHSTLSVNSYHKSSLSLLKSHPKTPADTLPGRCEKLEPSLGTSAAQAMPASQRQQESGGNQEASFDYYNVSDDDDSEEGANKNTEEEKNREDVGTMQWLLEREKERDLQRKFEKNLTLLAPKETDSSSNQRATHSARLDSMDSSSITVDSGFNSPRTRESLASNTSSIVESNRRQNPALSPAHGGAGPAFNFRASAEPPTNEAEKLQKPSNCLQASVTSV
ENSP00000338814.5,BAG5,MDMGNQHPSISRLQEIQKEVKSVEQQVIGFSGLSDDKNYKKLERILTKQLFEIDSVDTEGKGDIQQARKRAAQETERLLKELEQNANHPHRIEIQNIFEEAQSLVREKIVPFYNGGNCVTDEFEEGIQDIILRLTHVKTGGKISLRKARYHTLTKICAVQEIIEDCMKKQPSLPLSEDAHPSVAKINFVMCEVNKARGVLIALLMGVNNNETCRHLSCVLSGLIADLDALDVCGRTEIRNYRREVVEDINKLLKYLDLEEEADTTKAFDLRQNHSILKIEKVLKRMREIKNELLQAQNPSELYLSSKTELQGLIGQLDEVSLEKNPCIREARRRAVIEVQTLITYIDLKEALEKRKLFACEEHPSHKAVWNVLGNLSEIQGEVLSFDGNRTDKNYIRLEELLTKQLLALDAVDPQGEEKCKAARKQAVRLAQNILSYLDLKSDEWEY
ENSP00000419081.2,CALML4,MAAEHLLPGPPPSLADFRLEAGGKGTERGSGSSKPTGSSRGPRMAKFLSQDQINEYKECFSLYDKQQRGKIKATDLMVAMRCLGASPTPGEVQRHLQTHGIDGNGELDFSTFLTIMHMQIKQEDPKKEILLAMLMVDKEKKGYVMASDLRSKLTSLGEKLTHKEVDDLFREADIEPNGKVKYDEFIHKITLPGRDY
ENSP00000497249.1,CRYBB1,MSQAAKASASATVAVNPGPDTKGKGAPPAGTSPSPGTTLAPTTVPITSAKAAELPPGNYRLVVFELENFQGRRAEFSGECSNLADRGFDRVRSIIVSAGPWVAFEQSNFRGEMFILEKGEYPRWNTWSSSYRSDRLMSFRPIKMDAQEHKISLFEGANFKGNTIEIQGDDAPSLWVYGFSDRVGSVKVSSGTWVGYQYPGYRGYQYLLEPGDFRHWNEWGAFQPQMQSLRRLRDKQWHLEGSFPVLATEPPK
ENSP00000391681.2,POU5F1,MAGHLASDFAFSPPPGGGGDGPGGPEPGWVDPRTWLSFQGPPGGPGIGPGVGPGSEVWGIPPCPPPYEFCGGMAYCGPQVGVGLVPQGGLETSQPEGEAGVGVESNSDGASPEPCTVTPGAVKLEKEKLEQNPEESQDIKALQKELEQFAKLLKQKRITLGYTQADVGLTLGVLFGKVFSQTTICRFEALQLSFKNMCKLRPLLQKWVEEADNNENLQEICKAETLVQARKRKRTSIENRVRGNLENLFLQCPKPTLQQISHIAQQLGLEKDVVRVWFCNRRQKGKRSSSDYAQREDFEAAGSPFSGGPVSFPLAPGPHFGTPGYGSPHFTALYSSVPFPEGEAFPPVSVTTLGSPMHSN
ENSP00000440945.1,PACSIN3,MAPEEDAGGEALGGSFWEAGNYRRTVQRVEDGHRLCGDLVSCFQERARIEKAYAQQLADWARKWRGTVEKGPQYGTLEKAWHAFFTAAERLSALHLEVREKLQGQDSERVRAWQRGAFHRPVLGGFRESRAAEDGFRKAQKPWLKRLKEVEASKKSYHAARKDEKTAQTRESHAKADSAVSQEQLRKLQERVERCAKEAEKTKAQYEQTLAELHRYTPRYMEDMEQAFETCQAAERQRLLFFKDMLLTLHQHLDLSSSEKFHELHRDLHQGIEAASDEEDLRWWRSTHGPGMAMNWPQFEEWSLDTQRTISRKEKGGRSPDEVTLTSIVPTRDGTAPPPQSPGSPGTGQDEEWSDEESPRKAATGVRVRALYDYAGQEADELSFRAGEELLKMSEEDEQGWCQGQLQSGRIGLYPANYVECVGA
ENSP00000217086.4,SALL4,MSRRKQAKPQHINSEEDQGEQQPQQQTPEFADAAPAAPAAGELGAPVNHPGNDEVASEDEATVKRLRREETHVCEKCCAEFFSISEFLEHKKNCTKNPPVLIMNDSEGPVPSEDFSGAVLSHQPTSPGSKDCHRENGGSSEDMKEKPDAESVVYLKTETALPPTPQDISYLAKGKVANTNVTLQALRGTKVAVNQRSADALPAPVPGANSIPWVLEQILCLQQQQLQQIQLTEQIRIQVNMWASHALHSSGAGADTLKTLGSHMSQQVSAAVALLSQKAGSQGLSLDALKQAKLPHANIPSATSSLSPGLAPFTLKPDGTRVLPNVMSRLPSALLPQAPGSVLFQSPFSTVALDTSKKGKGKPPNISAVDVKPKDEAALYKHKCKYCSKVFGTDSSLQIHLRSHTGERPFVCSVCGHRFTTKGNLKVHFHRHPQVKANPQLFAEFQDKVAAGNGIPYALSVPDPIDEPSLSLDSKPVLVTTSVGLPQNLSSGTNPKDLTGGSLPGDLQPGPSPESEGGPTLPGVGPNYNSPRAGGFQGSGTPEPGSETLKLQQLVENIDKATTDPNECLICHRVLSCQSSLKMHYRTHTGERPFQCKICGRAFSTKGNLKTHLGVHRTNTSIKTQHSCPICQKKFTNAVMLQQHIRMHMGGQIPNTPLPENPCDFTGSEPMTVGENGSTGAICHDDVIESIDVEEVSSQEAPSSSSKVPTPLPSIHSASPTLGFAMMASLDAPGKVGPAPFNLQRQGSRENGSVESDGLTNDSSSLMGDQEYQSRSPDILETTSFQALSPANSQAESIKSKSPDAGSKAESSENSRTEMEGRSSLPSTFIRAPPTYVKVEVPGTFVGPSTLSPGMTPLLAAQPRRQAKQHGCTRCGKNFSSASALQIHERTHTGEKPFVCNICGRAFTTKGNLKVHYMTHGANNNSARRGRKLAIENTMALLGTDGKRVSEIFPKEILAPSVNVDPVVWNQYTSMLNGGLAVKTNEISVIQSGGVPTLPVSLGATSVVNNATVSKMDGSQSGISADVEKPSATDGVPKHQFPHFLEENKIAVS
ENSP00000516963.1,TRIM71,MASFPETDFQICLLCKEMCGSPAPLSSNSSASSSSSQTSTSSGGGGGGPGAAARRLHVLPCLHAFCRPCLEAHRLPAAGGGAAGEPLKLRCPVCDQKVVLAEAAGMDALPSSAFLLSNLLDAVVATADEPPPKNGRAGAPAGAGGHSNHRHHAHHAHPRASASAPPLPQAPQPPAPSRSAPGGPAASPSALLLRRPHGCSSCDEGNAASSRCLDCQEHLCDNCVRAHQRVRLTKDHYIERGPPGPGAAAAAQQLGLGPPFPGPPFSILSVFPERLGFCQHHDDEVLHLYCDTCSVPICRECTMGRHGGHSFIYLQEALQDSRALTIQLLADAQQGRQAIQLSIEQAQTVAEQVEMKAKVVQSEVKAVTARHKKALEERECELLWKVEKIRQVKAKSLYLQVEKLRQNLNKLESTISAVQQVLEEGRALDILLARDRMLAQVQELKTVRSLLQPQEDDRVMFTPPDQALYLAIKSFGFVSSGAFAPLTKATGDGLKRALQGKVASFTVIGYDHDGEPRLSGGDLMSAVVLGPDGNLFGAEVSDQQNGTYVVSYRPQLEGEHLVSVTLCNQHIENSPFKVVVKSGRSYVGIGLPGLSFGSEGDSDGKLCRPWGVSVDKEGYIIVADRSNNRIQVFKPCGAFHHKFGTLGSRPGQFDRPAGVACDASRRIVVADKDNHRIQIFTFEGQFLLKFGEKGTKNGQFNYPWDVAVNSEGKILVSDTRNHRIQLFGPDGVFLNKYGFEGALWKHFDSPRGVAFNHEGHLVVTDFNNHRLLVIHPDCQSARFLGSEGTGNGQFLRPQGVAVDQEGRIIVADSRNHRVQMFESNGSFLCKFGAQGSGFGQMDRPSGIAITPDGMIVVVDFGNNRILVF
ENSP00000495718.1,POU4F3,MMAMNSKQPFGMHPVLQEPKFSSLHSGSEAMRRVCLPAPQLQGNIFGSFDESLLARAEALAAVDIVSHGKNHPFKPDATYHTMSSVPCTSTSSTVPISHPAALTSHPHHAVHQGLEGDLLEHISPTLSVSGLGAPEHSVMPAQIHPHHLGAMGHLHQAMGMSHPHTVAPHSAMPACLSDVESDPRELEAFAERFKQRRIKLGVTQADVGAALANLKIPGVGSLSQSTICRFESLTLSHNNMIALKPVLQAWLEEAEAAYREKNSKPELFNGSERKRKRTSIAAPEKRSLEAYFAIQPRPSSEKIAAIAEKLDLKKNVVRVWFCNQRQKQKRMKYSAVH
ENSP00000362103.2,POU3F1,MATTAQYLPRGPGGGAGGTGPLMHPDAAAAAAAAAAAERLHAGAAYREVQKLMHHEWLGAGAGHPVGLAHPQWLPTGGGGGGDWAGGPHLEHGKAGGGGTGRADDGGGGGGFHARLVHQGAAHAGAAWAQGSTAHHLGPAMSPSPGASGGHQPQPLGLYAQAAYPGGGGGGLAGMLAAGGGGAGPGLHHALHEDGHEAQLEPSPPPHLGAHGHAHGHAHAGGLHAAAAHLHPGAGGGGSSVGEHSDEDAPSSDDLEQFAKQFKQRRIKLGFTQADVGLALGTLYGNVFSQTTICRFEALQLSFKNMCKLKPLLNKWLEETDSSSGSPTNLDKIAAQGRKRKKRTSIEVGVKGALESHFLKCPKPSAHEITGLADSLQLEKEVVRVWFCNRRQKEKRMTPAAGAGHPPMDDVYAPGELGPGGGGASPPSAPPPPPPAALHHHHHHTLPGSVQ
ENSP00000495996.1,POU3F4,MATAASNPYSILSSTSLVHADSAGMQQGSPFRNPQKLLQSDYLQGVPSNGHPLGHHWVTSLSDGGPWSSTLATSPLDQQDVKPGREDLQLGAIIHHRSPHVAHHSPHTNHPNAWGASPAPNPSITSSGQPLNVYSQPGFTVSGMLEHGGLTPPPAAASAQSLHPVLREPPDHGELGSHHCQDHSDEETPTSDELEQFAKQFKQRRIKLGFTQADVGLALGTLYGNVFSQTTICRFEALQLSFKNMCKLKPLLNKWLEEADSSTGSPTSIDKIAAQGRKRKKRTSIEVSVKGVLETHFLKCPKPAAQEISSLADSLQLEKEVVRVWFCNRRQKEKRMTPPGDQQPHEVYSHTVKTDTSCHDL
ENSP00000261609.8,HERC2,MPSESFCLAAQARLDSKWLKTDIQLAFTRDGLCGLWNEMVKDGEIVYTGTESTQNGELPPRKDDSVEPSGTKKEDLNDKEKKDEEETPAPIYRAKSILDSWVWGKQPDVNELKECLSVLVKEQQALAVQSATTTLSALRLKQRLVILERYFIALNRTVFQENVKVKWKSSGISLPPVDKKSSRPAGKGVEGLARVGSRAALSFAFAFLRRAWRSGEDADLCSELLQESLDALRALPEASLFDESTVSSVWLEVVERATRFLRSVVTGDVHGTPATKGPGSIPLQDQHLALAILLELAVQRGTLSQMLSAILLLLQLWDSGAQETDNERSAQGTSAPLLPLLQRFQSIICRKDAPHSEGDMHLLSGPLSPNESFLRYLTLPQDNELAIDLRQTAVVVMAHLDRLATPCMPPLCSSPTSHKGSLQEVIGWGLIGWKYYANVIGPIQCEGLANLGVTQIACAEKRFLILSRNGRVYTQAYNSDTLAPQLVQGLASRNIVKIAAHSDGHHYLALAATGEVYSWGCGDGGRLGHGDTVPLEEPKVISAFSGKQAGKHVVHIACGSTYSAAITAEGELYTWGRGNYGRLGHGSSEDEAIPMLVAGLKGLKVIDVACGSGDAQTLAVTENGQVWSWGDGDYGKLGRGGSDGCKTPKLIEKLQDLDVVKVRCGSQFSIALTKDGQVYSWGKGDNQRLGHGTEEHVRYPKLLEGLQGKKVIDVAAGSTHCLALTEDSEVHSWGSNDQCQHFDTLRVTKPEPAALPGLDTKHIVGIACGPAQSFAWSSCSEWSIGLRVPFVVDICSMTFEQLDLLLRQVSEGMDGSADWPPPQEKECVAVATLNLLRLQLHAAISHQVDPEFLGLGLGSILLNSLKQTVVTLASSAGVLSTVQSAAQAVLQSGWSVLLPTAEERARALSALLPCAVSGNEVNISPGRRFMIDLLVGSLMADGGLESALHAAITAEIQDIEAKKEAQKEKEIDEQEANASTFHRSRTPLDKDLINTGICESSGKQCLPLVQLIQQLLRNIASQTVARLKDVARRISSCLDFEQHSRERSASLDLLLRFQRLLISKLYPGESIGQTSDISSPELMGVGSLLKKYTALLCTHIGDILPVAASIASTSWRHFAEVAYIVEGDFTGVLLPELVVSIVLLLSKNAGLMQEAGAVPLLGGLLEHLDRFNHLAPGKERDDHEELAWPGIMESFFTGQNCRNNEEVTLIRKADLENHNKDGGFWTVIDGKVYDIKDFQTQSLTGNSILAQFAGEDPVVALEAALQFEDTRESMHAFCVGQYLEPDQEIVTIPDLGSLSSPLIDTERNLGLLLGLHASYLAMSTPLSPVEIECAKWLQSSIFSGGLQTSQIHYSYNEEKDEDHCSSPGGTPASKSRLCSHRRALGDHSQAFLQAIADNNIQDHNVKDFLCQIERYCRQCHLTTPIMFPPEHPVEEVGRLLLCCLLKHEDLGHVALSLVHAGALGIEQVKHRTLPKSVVDVCRVVYQAKCSLIKTHQEQGRSYKEVCAPVIERLRFLFNELRPAVCNDLSIMSKFKLLSSLPRWRRIAQKIIRERRKKRVPKKPESTDDEEKIGNEESDLEEACILPHSPINVDKRPIAIKSPKDKWQPLLSTVTGVHKYKWLKQNVQGLYPQSPLLSTIAEFALKEEPVDVEKMRKCLLKQLERAEVRLEGIDTILKLASKNFLLPSVQYAMFCGWQRLIPEGIDIGEPLTDCLKDVDLIPPFNRMLLEVTFGKLYAWAVQNIRNVLMDASAKFKELGIQPVPLQTITNENPSGPSLGTIPQARFLLVMLSMLTLQHGANNLDLLLNSGMLALTQTALRLIGPSCDNVEEDMNASAQGASATVLEETRKETAPVQLPVSGPELAAMMKIGTRVMRGVDWKWGDQDGPPPGLGRVIGELGEDGWIRVQWDTGSTNSYRMGKEGKYDLKLAELPAAAQPSAEDSDTEDDSEAEQTERNIHPTAMMFTSTINLLQTLCLSAGVHAEIMQSEATKTLCGLLRMLVESGTTDKTSSPNRLVYREQHRSWCTLGFVRSIALTPQVCGALSSPQWITLLMKVVEGHAPFTATSLQRQILAVHLLQAVLPSWDKTERARDMKCLVEKLFDFLGSLLTTCSSDVPLLRESTLRRRRVRPQASLTATHSSTLAEEVVALLRTLHSLTQWNGLINKYINSQLRSITHSFVGRPSEGAQLEDYFPDSENPEVGGLMAVLAVIGGIDGRLRLGGQVMHDEFGEGTVTRITPKGKITVQFSDMRTCRVCPLNQLKPLPAVAFNVNNLPFTEPMLSVWAQLVNLAGSKLEKHKIKKSTKQAFAGQVDLDLLRCQQLKLYILKAGRALLSHQDKLRQILSQPAVQETGTVHTDDGAVVSPDLGDMSPEGPQPPMILLQQLLASATQPSPVKAIFDKQELEAAALAVCQCLAVESTHPSSPGFEDCSSSEATTPVAVQHIRPARVKRRKQSPVPALPIVVQLMEMGFSRRNIEFALKSLTGASGNASSLPGVEALVGWLLDHSDIQVTELSDADTVSDEYSDEEVVEDVDDAAYSMSTGAVVTESQTYKKRADFLSNDDYAVYVRENIQVGMMVRCCRAYEEVCEGDVGKVIKLDRDGLHDLNVQCDWQQKGGTYWVRYIHVELIGYPPPSSSSHIKIGDKVRVKASVTTPKYKWGSVTHQSVGVVKAFSANGKDIIVDFPQQSHWTGLLSEMELVPSIHPGVTCDGCQMFPINGSRFKCRNCDDFDFCETCFKTKKHNTRHTFGRINEPGQSAVFCGRSGKQLKRCHSSQPGMLLDSWSRMVKSLNVSSSVNQASRLIDGSEPCWQSSGSQGKHWIRLEIFPDVLVHRLKMIVDPADSSYMPSLVVVSGGNSLNNLIELKTININPSDTTVPLLNDCTEYHRYIEIAIKQCRSSGIDCKIHGLILLGRIRAEEEDLAAVPFLASDNEEEEDEKGNSGSLIRKKAAGLESAATIRTKVFVWGLNDKDQLGGLKGSKIKVPSFSETLSALNVVQVAGGSKSLFAVTVEGKVYACGEATNGRLGLGISSGTVPIPRQITALSSYVVKKVAVHSGGRHATALTVDGKVFSWGEGDDGKLGHFSRMNCDKPRLIEALKTKRIRDIACGSSHSAALTSSGELYTWGLGEYGRLGHGDNTTQLKPKMVKVLLGHRVIQVACGSRDAQTLALTDEGLVFSWGDGDFGKLGRGGSEGCNIPQNIERLNGQGVCQIECGAQFSLALTKSGVVWTWGKGDYFRLGHGSDVHVRKPQVVEGLRGKKIVHVAVGALHCLAVTDSGQVYAWGDNDHGQQGNGTTTVNRKPTLVQGLEGQKITRVACGSSHSVAWTTVDVATPSVHEPVLFQTARDPLGASYLGVPSDADSSAASNKISGASNSKPNRPSLAKILLSLDGNLAKQQALSHILTALQIMYARDAVVGALMPAAMIAPVECPSFSSAAPSDASAMASPMNGEECMLAVDIEDRLSPNPWQEKREIVSSEDAVTPSAVTPSAPSASARPFIPVTDDLGAASIIAETMTKTKEDVESQNKAAGPEPQALDEFTSLLIADDTRVVVDLLKLSVCSRAGDRGRDVLSAVLSGMGTAYPQVADMLLELCVTELEDVATDSQSGRLSSQPVVVESSHPYTDDTSTSGTVKIPGAEGLRVEFDRQCSTERRHDPLTVMDGVNRIVSVRSGREWSDWSSELRIPGDELKWKFISDGSVNGWGWRFTVYPIMPAAGPKELLSDRCVLSCPSMDLVTCLLDFRLNLASNRSIVPRLAASLAACAQLSALAASHRMWALQRLRKLLTTEFGQSININRLLGENDGETRALSFTGSALAALVKGLPEALQRQFEYEDPIVRGGKQLLHSPFFKVLVALACDLELDTLPCCAETHKWAWFRRYCMASRVAVALDKRTPLPRLFLDEVAKKIRELMADSENMDVLHESHDIFKREQDEQLVQWMNRRPDDWTLSAGGSGTIYGWGHNHRGQLGGIEGAKVKVPTPCEALATLRPVQLIGGEQTLFAVTADGKLYATGYGAGGRLGIGGTESVSTPTLLESIQHVFIKKVAVNSGGKHCLALSSEGEVYSWGEAEDGKLGHGNRSPCDRPRVIESLRGIEVVDVAAGGAHSACVTAAGDLYTWGKGRYGRLGHSDSEDQLKPKLVEALQGHRVVDIACGSGDAQTLCLTDDDTVWSWGDGDYGKLGRGGSDGCKVPMKIDSLTGLGVVKVECGSQFSVALTKSGAVYTWGKGDYHRLGHGSDDHVRRPRQVQGLQGKKVIAIATGSLHCVCCTEDGEVYTWGDNDEGQLGDGTTNAIQRPRLVAALQGKKVNRVACGSAHTLAWSTSKPASAGKLPAQVPMEYNHLQEIPIIALRNRLLLLHHLSELFCPCIPMFDLEGSLDETGLGPSVGFDTLRGILISQGKEAAFRKVVQATMVRDRQHGPVVELNRIQVKRSRSKGGLAGPDGTKSVFGQMCAKMSSFGPDSLLLPHRVWKVKFVGESVDDCGGGYSESIAEICEELQNGLTPLLIVTPNGRDESGANRDCYLLSPAARAPVHSSMFRFLGVLLGIAIRTGSPLSLNLAEPVWKQLAGMSLTIADLSEVDKDFIPGLMYIRDNEATSEEFEAMSLPFTVPSASGQDIQLSSKHTHITLDNRAEYVRLAINYRLHEFDEQVAAVREGMARVVPVPLLSLFTGYELETMVCGSPDIPLHLLKSVATYKGIEPSASLIQWFWEVMESFSNTERSLFLRFVWGRTRLPRTIADFRGRDFVIQVLDKYNPPDHFLPESYTCFFLLKLPRYSCKQVLEEKLKYAIHFCKSIDTDDYARIALTGEPAADDSSDDSDNEDVDSFASDSTQDYLTGH
ENSP00000299413.5,TRIM44,MASGVGAAFEELPHDGTCDECEPDEAPGAEEVCRECGFCYCRRHAEAHRQKFLSHHLAEYVHGSQAWTPPADGEGAGKEEAEVKVEQEREIESEAGEESESEEESESEEESETEEESEDESDEESEEDSEEEMEDEQESEAEEDNQEEGESEAEGETEAESEFDPEIEMEAERVAKRKCPDHGLDLSTYCQEDRQLICVLCPVIGAHQGHQLSTLDEAFEELRSKDSGGLKAAMIELVERLKFKSSDPKVTRDQMKMFIQQEFKKVQKVIADEEQKALHLVDIQEAMATAHVTEILADIQSHMDRLMTQMAQAKEQLDTSNESAEPKAEGDEEGPSGASEEEDT
ENSP00000221996.5,CRX,MMAYMNPGPHYSVNALALSGPSVDLMHQAVPYPSAPRKQRRERTTFTRSQLEELEALFAKTQYPDVYAREEVALKINLPESRVQVWFKNRRAKCRQQRQQQKQQQQPPGGQAKARPAKRKAGTSPRPSTDVCPDPLGISDSYSPPLPGPSGSPTTAVATVSIWSPASESPLPEAQRAGLVASGPSLTSAPYAMTYAPASAFCSSPSAYGSPSSYFSGLDPYLSPMVPQLGGPALSPLSGPSVGPSLAQSPTSLSGQSYGAYSPVDSLEFKDPTGTWKFTYNPMDPLDYKDQSAWKFQIL
ENSP00000419599.1,DPH3,MAVFHDEVEIEDFQYDEDSETYFYPCPCGDNFSITKEDLENGEDVATCPSCSLIIKVIYDKDQFVCGETVPAPSANKELVKC
ENSP00000225387.3,CRYBA1,METQAEQQELETLPTTKMAQTNPTPGSLGPWKITIYDQENFQGKRMEFTSSCPNVSERSFDNVRSLKVESGAWIGYEHTSFCGQQFILERGEYPRWDAWSGSNAYHIERLMSFRPICSANHKESKMTIFEKENFIGRQWEISDDYPSLQAMGWFNNEVGSMKIQSGAWVCYQYPGYRGYQYILECDHHGGDYKHWREWGSHAQTSQIQSIRRIQQ
ENSP00000262241.5,RCOR1,MPAMVEKGPEVSGKRRGRNNAAASASAAAASAAASAACASPAATAASGAAASSASAAAASAAAAPNNGQNKSLAAAAPNGNSSSNSWEEGSSGSSSDEEHGGGGMRVGPQYQAVVPDFDPAKLARRSQERDNLGMLVWSPNQNLSEAKLDEYIAIAKEKHGYNMEQALGMLFWHKHNIEKSLADLPNFTPFPDEWTVEDKVLFEQAFSFHGKTFHRIQQMLPDKSIASLVKFYYSWKKTRTKTSVMDRHARKQKREREESEDELEEANGNNPIDIEVDQNKESKKEVPPTETVPQVKKEKHSTQAKNRAKRKPPKGMFLSQEDVEAVSANATAATTVLRQLDMELVSVKRQIQNIKQTNSALKEKLDGGIEPYRLPEVIQKCNARWTTEEQLLAVQAIRKYGRDFQAISDVIGNKSVVQVKNFFVNYRRRFNIDEVLQEWEAEHGKEETNGPSNQKPVKSPDNSIKMPEEEDEAPVLDVRYASAS
ENSP00000312099.5,CRYGS,MSKTGTKITFYEDKNFQGRRYDCDCDCADFHTYLSRCNSIKVEGGTWAVYERPNFAGYMYILPQGEYPEYQRWMGLNDRLSSCRAVHLPSGGQYKIQIFEKGDFSGQMYETTEDCPSIMEQFHMREIHSCKVLEGVWIFYELPNYRGRQYLLDKKEYRKPIDWGAASPAVQSFRRIVE
ENSP00000319118.2,GSX2,MSRSFYVDSLIIKDTSRPAPSLPEPHPGPDFFIPLGMPPPLVMSVSGPGCPSRKSGAFCVCPLCVTSHLHSSRGSVGAGSGGAGAGVTGAGGSGVAGAAGALPLLKGQFSSAPGDAQFCPRVNHAHHHHHPPQHHHHHHQPQQPGSAAAAAAAAAAAAAAAALGHPQHHAPVCTATTYNVADPRRFHCLTMGGSDASQVPNGKRMRTAFTSTQLLELEREFSSNMYLSRLRRIEIATYLNLSEKQVKIWFQNRRVKHKKEGKGTQRNSHAGCKCVGSQVHYARSEDEDSLSPASANDDKEISPL
ENSP00000239243.5,MSX2,MASPSKGNDLFSPDEEGPAVVAGPGPGPGGAEGAAEERRVKVSSLPFSVEALMSDKKPPKEASPLPAESASAGATLRPLLLSGHGAREAHSPGPLVKPFETASVKSENSEDGAAWMQEPGRYSPPPRHMSPTTCTLRKHKTNRKPRTPFTTSQLLALERKFRQKQYLSIAERAEFSSSLNLTETQVKIWFQNRRAKAKRLQEAELEKLKMAAKPMLPSSFSLPFPISSPLQAASIYGASYPFHRPVLPIPPVGLYATPVGYGMYHLS
ENSP00000356846.4,MAEL,MPNRKASRNAYYFFVQEKIPELRRRGLPVARVADAIPYCSSDWALLREEEKEKYAEMAREWRAAQGKDPGPSEKQKPVFTPLRRPGMLVPKQNVSPPDMSALSLKGDQALLGGIFYFLNIFSHGELPPHCEQRFLPCEIGCVKYSLQEGIMADFHSFINPGEIPRGFRFHCQAASDSSHKIPISNFERGHNQATVLQNLYRFIHPNPGNWPPIYCKSDDRTRVNWCLKHMAKASEIRQDLQLLTVEDLVVGIYQQKFLKEPSKTWIRSLLDVAMWDYSSNTRCKWHEENDILFCALAVCKKIAYCISNSLATLFGIQLTEAHVPLQDYEASNSVTPKMVVLDAGRYQKLRVGSSGFSHFNSSNEEQRSNTPIGDYPSRAKISGQNSSVRGRGITRLLESISNSSSNIHKFSNCDTSLSPYMSQKDGYKSFSSLS
ENSP00000520825.1,ZC3H15,MPPKKQAQAGGSKKAEQKKKEKIIEDKTFGLKNKKGAKQQKFIKAVTHQVKFGQQNPRQVAQSEAEKKLKKDDKKKELQELNELFKPVVAAQKISKGADPKSVVCAFFKQGQCTKGDKCKFSHDLTLERKCEKRSVYIDARDEELEKDTMDNWDEKKLEEVVNKKHGEAEKKKPKTQIVCKHFLEAIENNKYGWFWVCPGGGDICMYRHALPPGFVLKKDKKKEEKEDEISLEDLIERERSALGPNVTKITLESFLAWKKRKRQEKIDKLEQDMERRKADFKAGKALVISGREVFEFRPELVNDDDEEADDTRYTQGTGGDEVDDSVSVNDIDLSLYIPRDVDETGITVASLERFSTYTSDKDENKLSEASGGRAENGERSDLEEDNEREGTENGAIDAVPVDENLFTGEDLDELEEELNTLDLEE
ENSP00000413418.2,ZFHX2,MATLNSASTTGTTPSPGHNAPSLPSDTFSSSTPSDPVTKDPPAASSTSENMRSSEPGGQLLESGCGLVPPKEIGEPQEGPDCGHFPPNDPGVEKDKEQEEEEEGLPPMDLSNHLFFTAGGEAYLVAKLSLPGGSELLLPKGFPWGEAGIKEEPSLPFLAYPPPSHLTALHIQHGFDPIQGFSSSDQILSHDTSAPSPAACEERHGAFWSYQLAPNPPGDPKDGPMGNSGGNHVAVFWLCLLCRLGFSKPQAFMDHTQSHGVKLTPAQYQGLSGSPAVLQEGDEGCKALISFLEPKLPARPSSDIPLDNSSTVNMEANVAQTEDGPPEAEVQALILLDEEVMALSPPSPPTATWDPSPTQAKESPVAAGEAGPDWFPEGQEEDGGLCPPLNQSSPTSKEGGTLPAPVGSPEDPSDPPQPYRLADDYTPAPAAFQGLSLSSHMSLLHSRNSCKTLKCPKCNWHYKYQQTLDVHMREKHPESNSHCSYCSAGGAHPRLARGESYNCGYKPYRCDVCNYSTTTKGNLSIHMQSDKHLANLQGFQAGPGGQGSPPEASLPPSAGDKEPKTKSSWQCKVCSYETNISRNLRIHMTSEKHMQNVLMLHQGLPLGLPPGLMGPGPPPPPGATPTSPPELFQYFGPQALGQPQTPLAGPGLRPDKPLEAQLLLNGFHHVGAPARKFPTSAPGSLSPDAHLPPSQLLGSSSDSLPTSPPPDDSLSLKVFRCLVCQAFSTDSLELLLYHCSIGRSLPEAEWKEVAGDTHRCKLCCYGTQLKANFQLHLKTDKHAQKYQLAAHLREGGGAMGTPSPASLGDGAPYGSVSPLHLRCNICDFESNSKEKMQLHARGAAHEENSQIYKFLLDMEGAEAGAELGLYHCLLCAWETPSRLAVLQHLRTPAHRDAQAQRRLQLLQNGPTTEEGLAALQSILSFSHGQLRTPGKAPVTPLAEPPTPEKDAQNKTEQLASEETENKTGPSRDSANQTTVYCCPYCSFLSPESSQVRAHTLSQHAVQPKYRCPLCQEQLVGRPALHFHLSHLHNVVPECVEKLLLVATTVEMTFTTKVLSAPTLSPLDNGQEPPTHGPEPTPSRDQAAEGPNLTPEASPDPLPEPPLASVEVPDKPSGSPGQPPSPAPSPVPEPDAQAEDVAPPPTMAEEEEGTTGELRSAEPAPADSRHPLTYRKTTNFALDKFLDPARPYKCTVCKESFTQKNILLVHYNSVSHLHKMKKAAIDPSAPARGEAGAPPTTTAATDKPFKCTVCRVSYNQSSTLEIHMRSVLHQTRSRGTKTDSKIEGPERSQEEPKEGETEGEVGTEKKGPDTSGFISGLPFLSPPPPPLDLHRFPAPLFTPPVLPPFPLVPESLLKLQQQQLLLPFYLHDLKVGPKLTLAGPAPVLSLPAATPPPPPQPPKAELAEREWERPPMAKEGNEAGPSSPPDPLPNEAARTAAKALLENFGFELVIQYNEGKQAVPPPPTPPPPEALGGGDKLACGACGKLFSNMLILKTHEEHVHRRFLPFEALSRYAAQFRKSYDSLYPPLAEPPKPPDGSLDSPVPHLGPPFLVPEPEAGGTRAPEERSRAGGHWPIEEEESSRGNLPPLVPAGRRFSRTKFTEFQTQALQSFFETSAYPKDGEVERLASLLGLASRVVVVWFQNARQKARKNACEGGSMPTGGGTGGASGCRRCHATFSCVFELVRHLKKCYDDQTLEEEEEEAERGEEEEEVEEEEVEEEQGLEPPAGPEGPLPEPPDGEELSQAEATKAGGKEPEEKATPSPSPAHTCDQCAISFSSQDLLTSHRRLHFLPSLQPSAPPQLLDLPLLVFGERNPLVAATSPMPGPPLKRKHEDGSLSPTGSEAGGGGEGEPPRDKRLRTTILPEQLEILYRWYMQDSNPTRKMLDCISEEVGLKKRVVQVWFQNTRARERKGQFRSTPGGVPSPAVKPPATATPASLPKFNLLLGKVDDGTGREAPKREAPAFPYPTATLASGPQPFLPPGKEATTPTPEPPLPLLPPPPPSEEEGPEEPPKASPESEACSLSAGDLSDSSASSLAEPESPGAGGTSGGPGGGTGVPDGMGQRRYRTQMSSLQLKIMKACYEAYRTPTMQECEVLGEEIGLPKRVIQVWFQNARAKEKKAKLQGTAAGSTGGSSEGLLAAQRTDCPYCDVKYDFYVSCRGHLFSRQHLAKLKEAVRAQLKSESKCYDLAPAPEAPPALKAPPATTPASMPLGAAPTLPRLAPVLLSGPALAQPPLGNLAPFNSGPAASSGLLGLATSVLPTTTVVQTAGPGRPLPQRPMPDQTNTSTAGTTDPVPGPPTEPLGDKVSSERKPVAGPTSSSNDALKNLKALKTTVPALLGGQFLPFPLPPAGGTAPPAVFGPQLQGAYFQQLYGMKKGLFPMNPMIPQTLIGLLPNALLQPPPQPPEPTATAPPKPPELPAPGEGEAGEVDELLTGSTGISTVDVTHRYLCRQCKMAFDGEAPATAHQRSFCFFGRGSGGSMPPPLRVPICTYHCLACEVLLSGREALASHLRSSAHRRKAAPPQGGPPISITNAATAASAAVAFAKEEARLPHTDSNPKTTTTSTLLAL
ENSP00000495214.1,SPTA1,MEQFPKETVVESSGPKVLETAEEIQERRQEVLTRYQSFKERVAERGQKLEDSYHLQVFKRDADDLGKWIMEKVNILTDKSYEDPTNIQGKYQKHQSLEAEVQTKSRLMSELEKTREERFTMGHSAHEETKAHIEELRHLWDLLLELTLEKGDQLLRALKFQQYVQECADILEWIGDKEAIATSVELGEDWERTEVLHKKFEDFQVELVAKEGRVVEVNQYANECAEENHPDLPLIQSKQNEVNAAWERLRGLALQRQKALSNAANLQRFKRDVTEAIQWIKEKEPVLTSEDYGKDLVASEGLFHSHKGLERNLAVMSDKVKELCAKAEKLTLSHPSDAPQIQEMKEDLVSSWEHIRALATSRYEKLQATYWYHRFSSDFDELSGWMNEKTAAINADELPTDVAGGEVLLDRHQQHKHEIDSYDDRFQSADETGQDLVNANHEASDEVREKMEILDNNWTALLELWDERHRQYEQCLDFHLFYRDSEQVDSWMSRQEAFLENEDLGNSLGSAEALLQKHEDFEEAFTAQEEKIITVDKTATKLIGDDHYDSENIKAIRDGLLARRDALREKAATRRRLLKESLLLQKLYEDSDDLKNWINKKKKLADDEDYKDIQNLKSRVQKQQVFEKELAVNKTQLENIQKTGQEMIEGGHYASDNVTTRLSEVASLWEELLEATKQKGTQLHEANQQLQFENNAEDLQRWLEDVEWQVTSEDYGKGLAEVQNRLRKHGLLESAVAARQDQVDILTDLAAYFEEIGHPDSKDIRARQESLVCRFEALKEPLATRKKKLLDLLHLQLICRDTEDEEAWIQETEPSATSTYLGKDLIASKKLLNRHRVILENIASHEPRIQEITERGNKMVEEGHFAAEDVASRVKSLNQNMESLRARAARRQNDLEANVQFQQYLADLHEAETWIREKEPIVDNTNYGADEEAAGALLKKHEAFLLDLNSFGDSMKALRNQANACQQQQAAPVEGVAGEQRVMALYDFQARSPREVTMKKGDVLTLLSSINKDWWKVEAADHQGIVPAVYVRRLAHDEFPMLPQRRREEPGNITQRQEQIENQYRSLLDRAEERRRRLLQRYNEFLLAYEAGDMLEWIQEKKAENTGVELDDVWELQKKFDEFQKDLNTNEPRLRDINKVADDLLFEGLLTPEGAQIRQELNSRWGSLQRLADEQRQLLGSAHAVEVFHREADDTKEQIEKKCQALSAADPGSDLFSVQALQRRHEGFERDLVPLGDKVTILGETAERLSESHPDATEDLQRQKMELNEAWEDLQGRTKDRKESLNEAQKFYLFLSKARDLQNWISSIGGMVSSQELAEDLTGIEILLERHQEHRADMEAEAPTFQALEDFSAELIDSGHHASPEIEKKLQAVKLERDDLEKAWEKRKKILDQCLELQMFQGNCDQVESWMVARENSLRSDDKSSLDSLEALMKKRDDLDKAITAQEGKITDLEHFAESLIADEHYAKEEIATRLQRVLDRWKALKAQLIDERTKLGDYANLKQFYRDLEELEEWISEMLPTACDESYKDATNIQRKYLKHQTFAHEVDGRSEQVHGVINLGNSLIECSACDGNEEAMKEQLEQLKEHWDHLLERTNDKGKKLNEASRQQRFNTSIRDFEFWLSEAETLLAMKDQARDLASAGNLLKKHQLLEREMLAREDALKDLNTLAEDLLSSGTFNVDQIVKKKDNVNKRFLNVQELAAAHHEKLKEAYALFQFFQDLDDEESWIEEKLIRVSSQDYGRDLQGVQNLLKKHKRLEGELVAHEPAIQNVLDMAEKLKDKAAVGQEEIQLRLAQFVEHWEKLKELAKARGLKLEESLEYLQFMQNAEEEEAWINEKNALAVRGDCGDTLAATQSLLMKHEALENDFAVHETRVQNVCAQGEDILNKVLQEESQNKEISSKIEALNEKTPSLAKAIAAWKLQLEDDYAFQEFNWKADVVEAWIADKETSLKTNGNGADLGDFLTLLAKQDTLDASLQSFQQERLPEITDLKDKLISAQHNQSKAIEERYAALLKRWEQLLEASAVHRQKLLEKQLPLQKAEDLFVEFAHKASALNNWCEKMEENLSEPVHCVSLNEIRQLQKDHEDFLASLARAQADFKCLLELDQQIKALGVPSSPYTWLTVEVLERTWKHLSDIIEEREQELQKEEARQVKNFEMCQEFEQNASTFLQWILETRAYFLDGSLLKETGTLESQLEANKRKQKEIQAMKRQLTKIVDLGDNLEDALILDIKYSTIGLAQQWDQLYQLGLRMQHNLEQQIQAKDIKGVSEETLKEFSTIYKHFDENLTGRLTHKEFRSCLRGLNYYLPMVEEDEHEPKFEKFLDAVDPGRKGYVSLEDYTAFLIDKESENIKSSDEIENAFQALAEGKSYITKEDMKQALTPEQVSFCATHMQQYMDPRGRSHLSGYDYVGFTNSYFGN
ENSP00000352035.2,KCNQ2,MVQKSRNGGVYPGPSGEKKLKVGFVGLDPGAPDSTRDGALLIAGSEAPKRGSILSKPRAGGAGAGKPPKRNAFYRKLQNFLYNVLERPRGWAFIYHAYVFLLVFSCLVLSVFSTIKEYEKSSEGALYILEIVTIVVFGVEYFVRIWAAGCCCRYRGWRGRLKFARKPFCVIDIMVLIASIAVLAAGSQGNVFATSALRSLRFLQILRMIRMDRRGGTWKLLGSVVYAHSKELVTAWYIGFLCLILASFLVYLAEKGENDHFDTYADALWWGLITLTTIGYGDKYPQTWNGRLLAATFTLIGVSFFALPAGILGSGFALKVQEQHRQKHFEKRRNPAAGLIQSAWRFYATNLSRTDLHSTWQYYERTVTVPMYSSQTQTYGASRLIPPLNQLELLRNLKSKSGLAFRKDPPPEPSPSKGSPCRGPLCGCCPGRSSQKVSLKDRVFSSPRGVAAKGKGSPQAQTVRRSPSADQSLEDSPSKVPKSWSFGDRSRARQAFRIKGAASRQNSEEASLPGEDIVDDKSCPCEFVTEDLTPGLKVSIRAVCVMRFLVSKRKFKESLRPYDVMDVIEQYSAGHLDMLSRIKSLQSRVDQIVGRGPAITDKDRTKGPAEAELPEDPSMMGRLGKVEKQVLSMEKKLDFLVNIYMQRMGIPPTETEAYFGAKEPEPAPPYHSPEDSREHVDRHGCIVKIVRSSSSTGQKNFSAPPAAPPVQCPPSTSWQPQSHPRQGHGTSPVGDHGSLVRIPPPPAHERSLSAYGGGNRASMEFLRQEDTPGCRPPEGNLRDSDTSISIPSVDHEELERSFSGFSISQSKENLDALNSCYAAVAPCAKVRPYIAEGESDTDSDLCTPCGPPPRSATGEGPFGDVGWAGPRK
ENSP00000428821.1,ZHX1,MASRRKSTTPCMVLASEQDPDLELISDLDEGPPVLTPVENTRAESISSDEEVHESVDSDNQQNKKVEGGYECKYCTFQTPDLNMFTFHVDSEHPNVVLNSSYVCVECNFLTKRYDALSEHNLKYHPGEENFKLTMVKRNNQTIFEQTINDLTFDGSFVKEENAEQAESTEVSSSGISISKTPIMKMMKNKVENKRIAVHHNSVEDVPEEKENEIKPDREEIVENPSSSASESNTSTSIVNRIHPSTASTVVTPAAVLPGLAQVITAVSAQQNSNLIPKVLIPVNSIPTYNAALDNNPLLLNTYNKFPYPTMSEITVLSAQAKYTEEQIKIWFSAQRLKHGVSWTPEEVEEARRKQFNGTVHTVPQTITVIPTHISTGSNGLPSILQTCQIVGQPGLVLTQVAGTNTLPVTAPIALTVAGVPSQNNIQKSQVPAAQPTAETKPATAAVPTSQSVKHETALVNPDSFGIRAKKTKEQLAELKVSYLKNQFPHDSEIIRLMKITGLTKGEIKKWFSDTRYNQRNSKSNQCLHLNNDSSTTIIIDSSDETTESPTVGTAQPKQSWNPFPDFTPQKFKEKTAEQLRVLQASFLNSSVLTDEELNRLRAQTKLTRREIDAWFTEKKKSKALKEEKMEIDESNAGSSKEEAGETSPADESGAPKSGSTGKICKKTPEQLHMLKSAFVRTQWPSPEEYDKLAKESGLARTDIVSWFGDTRYAWKNGNLKWYYYYQSANSSSMNGLSSLRKRGRGRPKGRGRGRPRGRPRGSKRINNWDRGPSLIKFKTGTAILKDYYLKHKFLNEQDLDELVNKSHMGYEQVREWFAERQRRSELGIELFEENEEEDEVIDDQEEDEEETDDSDTWEPPRHVKRKLSKSDD
ENSP00000328596.5,SIX6,MFQLPILNFSPQQVAGVCETLEESGDVERLGRFLWSLPVAPAACEALNKNESVLRARAIVAFHGGNYRELYHILENHKFTKESHAKLQALWLEAHYQEAEKLRGRPLGPVDKYRVRKKFPLPRTIWDGEQKTHCFKERTRHLLREWYLQDPYPNPSKKRELAQATGLTPTQVGNWFKNRRQRDRAAAAKNRLQQQVLSQGSGRALRAEGDGTPEVLGVATSPAASLSSKAATSAISITSSDSECDI
ENSP00000217381.2,SNTA1,MASGRRAPRTGLLELRAGAGSGAGGERWQRVLLSLAEDVLTVSPADGDPGPEPGAPREQEPAQLNGAAEPGAGPPQLPEALLLQRRRVTVRKADAGGLGISIKGGRENKMPILISKIFKGLAADQTEALFVGDAILSVNGEDLSSATHDEAVQVLKKTGKEVVLEVKYMKDVSPYFKNSTGGTSVGWDSPPASPLQRQPSSPGPTPRNFSEAKHMSLKMAYVSKRCTPNDPEPRYLEICSADGQDTLFLRAKDEASARSWATAIQAQVNTLTPRVKDELQALLAATSTAGSQDIKQIGWLTEQLPSGGTAPTLALLTEKELLLYLSLPETREALSRPARTAPLIATRLVHSGPSKGSVPYDAELSFALRTGTRHGVDTHLFSVESPQELAAWTRQLVDGCHRAAEGVQEVSTACTWNGRPCSLSVHIDKGFTLWAAEPGAARAVLLRQPFEKLQMSSDDGASLLFLDFGGAEGEIQLDLHSCPKTIVFIIHSFLSAKVTRLGLLA
ENSP00000500409.1,ARHGAP35,MMMARKQDVRIPTYNISVVGLSGTEKEKGQCGIGKSCLCNRFVRPSADEFHLDHTSVLSTSDFGGRVVNNDHFLYWGEVSRSLEDCVECKMHIVEQTEFIDDQTFQPHRSTALQPYIKRAAATKLASAEKLMYFCTDQLGLEQDFEQKQMPDGKLLVDGFLLGIDVSRGMNRNFDDQLKFVSNLYNQLAKTKKPIVVVLTKCDEGVERYIRDAHTFALSKKNLQVVETSARSNVNVDLAFSTLVQLIDKSRGKTKIIPYFEALKQQSQQIATAKDKYEWLVSRIVKNHNENWLSVSRKMQASPEYQDYVYLEGTQKAKKLFLQHIHRLKHEHIERRRKLYLAALPLAFEALIPNLDEIDHLSCIKAKKLLETKPEFLKWFVVLEETPWDATSHIDNMENERIPFDLMDTVPAEQLYEAHLEKLRNERKRVEMRRAFKENLETSPFITPGKPWEEARSFIMNEDFYQWLEESVYMDIYGKHQKQIIDKAKEEFQELLLEYSELFYELELDAKPSKEKMGVIQDVLGEEQRFKALQKLQAERDALILKHIHFVYHPTKETCPSCPACVDAKIEHLISSRFIRPSDRNQKNSLSDPNIDRINLVILGKDGLARELANEIRALCTNDDKYVIDGKMYELSLRPIEGNVRLPVNSFQTPTFQPHGCLCLYNSKESLSYVVESIEKSRESTLGRRDNHLVHLPLTLILVNKRGDTSGETLHSLIQQGQQIASKLQCVFLDPASAGIGYGRNINEKQISQVLKGLLDSKRNLNLVSSTASIKDLADVDLRIVMCLMCGDPFSADDILFPVLQSQTCKSSHCGSNNSVLLELPIGLHKKRIELSVLSYHSSFSIRKSRLVHGYIVFYSAKRKASLAMLRAFLCEVQDIIPIQLVALTDGAVDVLDNDLSREQLTEGEEIAQEIDGRFTSIPCSQPQHKLEIFHPFFKDVVEKKNIIEATHMYDNAAEACSTTEEVFNSPRAGSPLCNSNLQDSEEDIEPSYSLFREDTSLPSLSKDHSKLSMELEGNDGLSFIMSNFESKLNNKVPPPVKPKPPVHFEITKGDLSYLDQGHRDGQRKSVSSSPWLPQDGFDPSDYAEPMDAVVKPRNEEENIYSVPHDSTQGKIITIRNINKAQSNGSGNGSDSEMDTSSLERGRKVSIVSKPVLYRTRCTRLGRFASYRTSFSVGSDDELGPIRKKEEDQASQGYKGDNAVIPYETDEDPRRRNILRSLRRNTKKPKPKPRPSITKATWESNYFGVPLTTVVTPEKPIPIFIERCIEYIEATGLSTEGIYRVSGNKSEMESLQRQFDQDHNLDLAEKDFTVNTVAGAMKSFFSELPDPLVPYNMQIDLVEAHKINDREQKLHALKEVLKKFPKENHEVFKYVISHLNKVSHNNKVNLMTSENLSICFWPTLMRPDFSTMDALTATRTYQTIIELFIQQCPFFFYNRPITEPPGARPSSPSAVASTVPFLTSTPVTSQPSPPQSPPPTPQSPMQPLLPSQLQAEHTL
ENSP00000352264.5,CD2AP,MVDYIVEYDYDAVHDDELTIRVGEIIRNVKKLQEEGWLEGELNGRRGMFPDNFVKEIKRETEFKDDSLPIKRERHGNVASLVQRISTYGLPAGGIQPHPQTKNIKKKTKKRQCKVLFEYIPQNEDELELKVGDIIDINEEVEEGWWSGTLNNKLGLFPSNFVKELEVTDDGETHEAQDDSETVLAGPTSPIPSLGNVSETASGSVTQPKKIRGIGFGDIFKEGSVKLRTRTSSSETEEKKPEKPLILQSLGPKTQSVEITKTDTEGKIKAKEYCRTLFAYEGTNEDELTFKEGEIIHLISKETGEAGWWRGELNGKEGVFPDNFAVQINELDKDFPKPKKPPPPAKAPAPKPELIAAEKKYFSLKPEEKDEKSTLEQKPSKPAAPQVPPKKPTPPTKASNLLRSSGTVYPKRPEKPVPPPPPIAKINGEVSSISSKFETEPVSKLKLDSEQLPLRPKSVDFDSLTVRTSKETDVVNFDDIASSENLLHLTANRPKMPGRRLPGRFNGGHSPTHSPEKILKLPKEEDSANLKPSELKKDTCYSPKPSVYLSTPSSASKANTTAFLTPLEIKAKVETDDVKKNSLDELRAQIIELLCIVEALKKDHGKELEKLRKDLEEEKTMRSNLEMEIEKLKKAVLSS
ENSP00000261726.6,CUX2,MAANVGSMFQYWKRFDLRRLQKELNSVASELSARQEESEHSHKHLIELRREFKKNVPEEIREMVAPVLKSFQAEVVALSKRSQEAEAAFLSVYKQLIEAPDPVPVFEAARSLDDRLQPPSFDPSGQPRRDLHTSWKRNPELLSPKEQREGTSPAGPTLTEGSRLPGIPGKALLTETLLQRNEAEKQKGLQEVQITLAARLGEAEEKIKVLHSALKATQAELLELRRKYDEEAASKADEVGLIMTNLEKANQRAEAAQREVESLREQLASVNSSIRLACCSPQGPSGDKVNFTLCSGPRLEAALASKDREILRLLKDVQHLQSSLQELEEASANQIADLERQLTAKSEAIEKLEEKLQAQSDYEEIKTELSILKAMKLASSTCSLPQGMAKPEDSLLIAKEAFFPTQKFLLEKPSLLASPEEDPSEDDSIKDSLGTEQSYPSPQQLPPPPGPEDPLSPSPGQPLLGPSLGPDGTRTFSLSPFPSLASGERLMMPPAAFKGEAGGLLVFPPAFYGAKPPTAPATPAPGPEPLGGPEPADGGGGGAAGPGAEEEQLDTAEIAFQVKEQLLKHNIGQRVFGHYVLGLSQGSVSEILARPKPWRKLTVKGKEPFIKMKQFLSDEQNVLALRTIQVRQRGSITPRIRTPETGSDDAIKSILEQAKKEIESQKGGEPKTSVAPLSIANGTTPASTSEDAIKSILEQARREMQAQQQALLEMEVAPRGRSVPPSPPERPSLATASQNGAPALVKQEEGSGGPAQAPLPVLSPAAFVQSIIRKVKSEIGDAGYFDHHWASDRGLLSRPYASVSPSLSSSSSSGYSGQPNGRAWPRGDEAPVPPEDEAAAGAEDEPPRTGELKAEGATAEAGARLPYYPAYVPRTLKPTVPPLTPEQYELYMYREVDTLELTRQVKEKLAKNGICQRIFGEKVLGLSQGSVSDMLSRPKPWSKLTQKGREPFIRMQLWLSDQLGQAVGQQPGASQASPTEPRSSPSPPPSPTEPEKSSQEPLSLSLESSKENQQPEGRSSSSLSGKMYSGSQAPGGIQEIVAMSPELDTYSITKRVKEVLTDNNLGQRLFGESILGLTQGSVSDLLSRPKPWHKLSLKGREPFVRMQLWLNDPHNVEKLRDMKKLEKKAYLKRRYGLISTGSDSESPATRSECPSPCLQPQDLSLLQIKKPRVVLAPEEKEALRKAYQLEPYPSQQTIELLSFQLNLKTNTVINWFHNYRSRMRREMLVEGTQDEPDLDPSGGPGILPPGHSHPDPTPQSPDSETEDQKPTVKELELQEGPEENSTPLTTQDKAQVRIKQEQMEEDAEEEAGSQPQDSGELDKGQGPPKEEHPDPPGNDGLPKVAPGPLLPGGSTPDCPSLHPQQESEAGERLHPDPLSFKSASESSRCSLEVSLNSPSAASSPGLMMSVSPVPSSSAPISPSPPGAPPAKVPSASPTADMAGALHPSAKVNPNLQRRHEKMANLNNIIYRVERAANREEALEWEF
ENSP00000370839.6,SGCB,MAAAAAAAAEQQSSNGPVKKSMREKAVERRSVNKEHNSNFKAGYIPIDEDRLHKTGLRGRKGNLAICVIILLFILAVINLIITLVIWAVIRIGPNGCDSMEFHESGLLRFKQVSDMGVIHPLYKSTVGGRRNENLVITGNNQPIVFQQGTTKLSVENNKTSITSDIGMQFFDPRTQNILFSTDYETHEFHLPSGVKSLNVQKASTERITSNATSDLNIKVDGRAIVRGNEGVFIMGKTIEFHMGGNMELKAENSIILNGSVMVSTTRLPSSSSGDQLGSGDWVRYKLCMCADGTLFKVQVTSQNMGCQISDNPCGNTH
ENSP00000355140.5,HOXB1,MDYNRMNSFLEYPLCNRGPSAYSAHSAPTSFPPSSAQAVDSYASEGRYGGGLSSPAFQQNSGYPAQQPPSTLGVPFPSSAPSGYAPAACSPSYGPSQYYPLGQSEGDGGYFHPSSYGAQLGGLSDGYGAGGAGPGPYPPQHPPYGNEQTASFAPAYADLLSEDKETPCPSEPNTPTARTFDWMKVKRNPPKTAKVSEPGLGSPSGLRTNFTTRQLTELEKEFHFNKYLSRARRVEIAATLELNETQVKIWFQNRRMKQKKREREEGRVPPAPPGCPKEAAGDASDQSTCTSPEASPSSVTS
ENSP00000322568.3,SOX11,MVQQAESLEAESNLPREALDTEEGEFMACSPVALDESDPDWCKTASGHIKRPMNAFMVWSKIERRKIMEQSPDMHNAEISKRLGKRWKMLKDSEKIPFIREAERLRLKHMADYPDYKYRPRKKPKMDPSAKPSASQSPEKSAAGGGGGSAGGGAGGAKTSKGSSKKCGKLKAPAAAGAKAGAGKAAQSGDYGGAGDDYVLGSLRVSGSGGGGAGKTVKCVFLDEDDDDDDDDDELQLQIKQEPDEEDEEPPHQQLLQPPGQQPSQLLRRYNVAKVPASPTLSSSAESPEGASLYDEVRAGATSGAGGGSRLYYSFKNITKQHPPPLAQPALSPASSRSVSTSSSSSSGSSSGSSGEDADDLMFDLSLNFSQSAHSASEQQLGGGAAAGNLSLSLVDKDLDSFSEGSLGSHFEFPDYCTPELSEMIAGDWLEANFSDLVFTY
ENSP00000368332.4,ARX,MSNQYQEEGCSERPECKSKSPTLLSSYCIDSILGRRSPCKMRLLGAAQSLPAPLTSRADPEKAVQGSPKSSSAPFEAELHLPPKLRRLYGPGGGRLLQGAAAAAAAAAAAAAAAATATAGPRGEAPPPPPPTARPGERPDGAGAAAAAAAAAAAAWDTLKISQAPQVSISRSKSYRENGAPFVPPPPALDELGGPGGVTHPEERLGVAGGPGSAPAAGGGTGTEDDEEELLEDEEDEDEEEELLEDDEEELLEDDARALLKEPRRCPVAATGAVAAAAAAAVATEGGELSPKEELLLHPEDAEGKDGEDSVCLSAGSDSEEGLLKRKQRRYRTTFTSYQLEELERAFQKTHYPDVFTREELAMRLDLTEARVQVWFQNRRAKWRKREKAGAQTHPPGLPFPGPLSATHPLSPYLDASPFPPHHPALDSAWTAAAAAAAAAFPSLPPPPGSASLPPSGAPLGLSTFLGAAVFRHPAFISPAFGRLFSTMAPLTSASTAAALLRQPTPAVEGAVASGALADPATAAADRRASSIAALRLKAKEHAAQLTQLNILPGTSTGKEVC
ENSP00000426848.1,ZFYVE16,MDSYFKAAVSDLDKLLDDFEQNPDEQDYLQDVQNAYDSNHCSVSSELASSQRTSLLPKDQECVNSCASSETSYGTNESSLNEKTLKGLTSIQNEKNVTGLDLLSSVDGGTSDEIQPLYMGRCSKPICDLISDMGNLVHATNSEEDIKKLLPDDFKSNADSLIGLDLSSVSDTPCVSSTDHDSDTVREQQNDISSELQNREIGGIKELGIKVDTTLSDSYNYSGTENLKDKKIFNQLESIVDFNMSSALTRQSSKMFHAKDKLQHKSQPCGLLKDVGLVKEEVDVAVITAAECLKEEGKTSALTCSLPKNEDLCLNDSNSRDENFKLPDFSFQEDKTVIKQSAQEDSKSLDLKDNDVIQDSSSALHVSSKDVPSSLSCLPASGSMCGSLIESKARGDFLPQHEHKDNIQDAVTIHEEIQNSVVLGGEPFKENDLLKQEKCKSILLQSLIEGMEDRKIDPDQTVIRAESLDGGDTSSTVVESQEGLSGTHVPESSDCCEGFINTFSSNDMDGQDLDYFNIDEGAKSGPLISDAELDAFLTEQYLQTTNIKSFEENVNDSKSQMNQIDMKGLDDGNINNIYFNAEAGAIGESHGINIICEIVDKQNTIENGLSLGEKSTIPVQQGLPTSKSEITNQLSVSDINSQSVGGARPKQLFSLPSRTRSSKDLNKPDVPDTIESEPSTADTVVPITCAIDSTADPQVSFNSNYIDIESNSEGGSSFVTANEDSVPENTCKEGLVLGQKQPTWVPDSEAPNCMNCQVKFTFTKRRHHCRACGKVFCGVCCNRKCKLQYLEKEARVCVVCYETISKAQAFERMMSPTGSNLKSNHSDECTTVQPPQENQTSSIPSPATLPVSALKQPGVEGLCSKEQKRVWFADGILPNGEVADTTKLSSGSKRCSEDFSPLSPDVPMTVNTVDHSHSTTVEKPNNETGDITRNEIIQSPISQVPSVEKLSMNTGNEGLPTSGSFTLDDDVFAETEEPSSPTGVLVNSNLPIASISDYRLLCDINKYVCNKISLLPNDEDSLPPLLVASGEKGSVPVVEEHPSHEQIILLLEGESFHPVTFVLNANLLVNVKFIFYSSDKYWYFSTNGLHGLGQAEIIILLLCLPNEDTIPKDIFRLFITIYKDALKGKYIENLDNITFTESFLSSKDHGGFLFITPTFQKLDDLSLPSNPFLCGILIQKLEIPWAKVFPMRLMLRLGAEYKAYPAPLTSIRGRKPLFGEIGHTIMNLLVDLRNYQYTLHNIDQLLIHMEMGKSCIKIPRKKYSDVMKVLNSSNEHVISIGASFSTEADSHLVCIQNDGIYETQANSATGHPRKVTGASFVVFNGALKTSSGFLAKSSIVEDGLMVQITPETMNGLRLALREQKDFKITCGKVDAVDLREYVDICWVDAEEKGNKGVISSVDGISLQGFPSEKIKLEADFETDEKIVKCTEVFYFLKDQDLSILSTSYQFAKEIAMACSAALCPHLKTLKSNGMNKIGLRVSIDTDMVEFQAGSEGQLLPQHYLNDLDSALIPVIHGGTSNSSLPLEIELVFFIIEHLF
ENSP00000273480.3,RNF7,MADVEDGEETCALASHSGSSGSKSGGDKMFSLKKWNAVAMWSWDVECDTCAICRVQVMDACLRCQAENKQEDCVVVWGECNHSFHNCCMSLWVKQNNRCPLCQQDWVVQRIGK
ENSP00000368801.3,WBP4,MADYWKSQPKKFCDYCKCWIADNRPSVEFHERGKNHKENVAKRISEIKQKSLDKAKEEEKASKEFAAMEAAALKAYQEDLKRLGLESEILEPSITPVTSTIPPTSTSNQQKEKKEKKKRKKDPSKGRWVEGITSEGYHYYYDLISGASQWEKPEGFQGDLKKTAVKTVWVEGLSEDGFTYYYNTETGESRWEKPDDFIPHTSDLPSSKVNENSLGTLDESKSSDSHSDSDGEQEAEEGGVSTETEKPKIKFKEKNKNSDGGSDPETQKEKSIQKQNSLGSNEEKSKTLKKSNPYGEWQEIKQEVESHEEVDLELPSTENEYVSTSEADGGGEPKVVFKEKTVTSLGVMADGVAPVFKKRRTENGKSRNLRQRGDDQ
ENSP00000278780.5,OVOL2,MPKVFLVKRRSLGVSVRSWDELPDEKRADTYIPVGLGRLLHDPPEDCRSDGGSSSGSGSSSAGEPGGAESSSSPHAPESETPEPGDAEGPDGHLATKQRPVARSKIKFTTGTCSDSVVHSCDLCGKGFRLQRMLNRHLKCHNQVKRHLCTFCGKGFNDTFDLKRHVRTHTGIRPYKCNVCNKAFTQRCSLESHLKKIHGVQQQYAYKQRRDKLYVCEDCGYTGPTQEDLYLHVNSAHPGSSFLKKTSKKLAALLQGKLTSAHQENTSLSEEEERK
ENSP00000304502.6,SIX2,MSMLPTFGFTQEQVACVCEVLQQGGNIERLGRFLWSLPACEHLHKNESVLKAKAVVAFHRGNFRELYKILESHQFSPHNHAKLQQLWLKAHYIEAEKLRGRPLGAVGKYRVRRKFPLPRSIWDGEETSYCFKEKSRSVLREWYAHNPYPSPREKRELAEATGLTTTQVSNWFKNRRQRDRAAEAKERENNENSNSNSHNPLNGSGKSVLGSSEDEKTPSGTPDHSSSSPALLLSPPPPGLPSLHSLGHPPGPSAVPVPVPGGGGADPLQHHHGLQDSILNPMSANLVDLGS
ENSP00000359567.2,SOX3,MRPVRENSSGARSPRVPADLARSILISLPFPPDSLAHRPPSSAPTESQGLFTVAAPAPGAPSPPATLAHLLPAPAMYSLLETELKNPVGTPTQAAGTGGPAAPGGAGKSSANAAGGANSGGGSSGGASGGGGGTDQDRVKRPMNAFMVWSRGQRRKMALENPKMHNSEISKRLGADWKLLTDAEKRPFIDEAKRLRAVHMKEYPDYKYRPRRKTKTLLKKDKYSLPSGLLPPGAAAAAAAAAAAAAAASSPVGVGQRLDTYTHVNGWANGAYSLVQEQLGYAQPPSMSSPPPPPALPPMHRYDMAGLQYSPMMPPGAQSYMNVAAAAAAASGYGGMAPSATAAAAAAYGQQPATAAAAAAAAAAMSLGPMGSVVKSEPSSPPPAIASHSQRACLGDLRDMISMYLPPGGDAADAASPLPGGRLHGVHQHYQGAGTAVNGTVPLTHI
ENSP00000386633.1,FHL2,MTERFDCHHCNESLFGKKYILREESPYCVVCFETLFANTCEECGKPIGCDCKDLSYKDRHWHEACFHCSQCRNSLVDKPFAAKEDQLLCTDCYSNEYSSKCQECKKTIMPGTRKMEYKGSSWHETCFICHRCQQPIGTKSFIPKDNQNFCVPCYEKQHAMQCVQCKKPITTGGVTYREQPWHKECFVCTACRKQLSGQRFTARDDFAYCLNCFCDLYAKKCAGCTNPISGLGGTKYISFEERQWHNDCFNCKKCSLSLVGRGFLTERDDILCPDCGKDI
ENSP00000238558.3,GSC,MPASMFSIDNILAARPRCKDSVLPVAHSAAAPVVFPALHGDSLYGASGGASSDYGAFYPRPVAPGGAGLPAAVSGSRLGYNNYFYGQLHVQAAPVGPACCGAVPPLGAQQCSCVPTPPGYEGPGSVLVSPVPHQMLPYMNVGTLSRTELQLLNQLHCRRKRRHRTIFTDEQLEALENLFQETKYPDVGTREQLARKVHLREEKVEVWFKNRRAKWRRQKRSSSEESENAEKWNKTSSSKASPEKREEEGKSDLDSDS
ENSP00000499890.1,YBX2,MSEVEAAAGATAVPAATVPATAAGVVAVVVPVPAGEPQKGGGAGGGGGAASGPAAGTPSAPGSRTPGNPATAVSGTPAPPARSQADKPVLAIQVLGTVKWFNVRNGYGFINRNDTKEDVFVHQTAIKRNNPRKFLRSVGDGETVEFDVVEGEKGAEATNVTGPGGVPVKGSRYAPNRRKSRRFIPRPPSVAPPPMVAEIPSAGTGPGSKGERAEDSGQRPRRWCPPPFFYRRRFVRGPRPPNQQQPIEGTDRVEPKETAPLEGHQQQGDERVPPPRFRPRYRRPFRPRPRQQPTTEGGDGETKPSQGPADGSRPEPQRPRNRPYFQRRRQQAPGPQQAPGPRQPAAPETSAPVNSGDPTTTILE
ENSP00000353132.3,DMBX1,MQHYGVNGYSLHAMNSLSAMYNLHQQAAQQAQHAPDYRPSVHALTLAERLAGCTFQDIILEARYGSQHRKQRRSRTAFTAQQLEALEKTFQKTHYPDVVMRERLAMCTNLPEARVQVWFKNRRAKFRKKQRSLQKEQLQKQKEAEGSHGEGKAEAPTPDTQLDTEQPPRLPGSDPPAELHLSLSEQSASESAPEDQPDREEDPRAGAEDPKAEKSPGADSKGLGCKRGSPKADSPGSLTITPVAPGGGLLGPSHSYSSSPLSLFRLQEQFRQHMAATNNLVHYSSFEVGGPAPAAAAAAAAVPYLGVNMAPLGSLHCQSYYQSLSAAAAAHQGVWGSPLLPAPPAGLAPASATLNSKTTSIENLRLRAKQHAASLGLDTLPN
ENSP00000494686.1,SIX1,MSMLPSFGFTQEQVACVCEVLQQGGNLERLGRFLWSLPACDHLHKNESVLKAKAVVAFHRGNFRELYKILESHQFSPHNHPKLQQLWLKAHYVEAEKLRGRPLGAVGKYRVRRKFPLPRTIWDGEETSYCFKEKSRGVLREWYAHNPYPSPREKRELAEATGLTTTQVSNWFKNRRQRDRAAEAKERENTENNNSSSNKQNQLSPLEGGKPLMSSSEEEFSPPQSPDQNSVLLLQGNMGHARSSNYSLPGLTASQPSHGLQTHQHQLQDSLLGPLTSSLVDLGS
ENSP00000361626.3,YBX1,MSSEAETQQPPAAPPAAPALSAADTKPGTTGSGAGSGGPGGLTSAAPAGGDKKVIATKVLGTVKWFNVRNGYGFINRNDTKEDVFVHQTAIKKNNPRKYLRSVGDGETVEFDVVEGEKGAEAANVTGPGGVPVQGSKYAADRNHYRRYPRRRGPPRNYQQNYQNSESGEKNEGSESAPEGQAQQRRPYRRRRFPPYYMRRPYGRRPQYSNPPVQGEVMEGADNQGAGEQGRPVRQNMYRGYRPRFRRGPPRQRQPREDGNEEDKENQGDETQGQQPPQRRYRRNFNYRRRRPENPKPQDGKETKAADPPAENSSAPEAEQGGAE
ENSP00000257861.3,AVIL,MPLTSAFRAVDNDPGIIVWRIEKMELALVPVSAHGNFYEGDCYVILSTRRVASLLSQDIHFWIGKDSSQDEQSCAAIYTTQLDDYLGGSPVQHREVQYHESDTFRGYFKQGIIYKQGGVASGMKHVETNTYDVKRLLHVKGKRNIRATEVEMSWDSFNRGDVFLLDLGKVIIQWNGPESNSGERLKAMLLAKDIRDRERGGRAKIGVIEGDKEAASPELMKVLQDTLGRRSIIKPTVPDEIIDQKQKSTIMLYHISDSAGQLAVTEVATRPLVQDLLNHDDCYILDQSGTKIYVWKGKGATKAEKQAAMSKALGFIKMKSYPSSTNVETVNDGAESAMFKQLFQKWSVKDQTMGLGKTFSIGKIAKVFQDKFDVTLLHTKPEVAAQERMVDDGNGKVEVWRIENLELVPVEYQWYGFFYGGDCYLVLYTYEVNGKPHHILYIWQGRHASQDELAASAYQAVEVDRQFDGAAVQVRVRMGTEPRHFMAIFKGKLVIFEGGTSRKGNAEPDPPVRLFQIHGNDKSNTKAVEVPAFASSLNSNDVFLLRTQAEHYLWYGKGSSGDERAMAKELASLLCDGSENTVAEGQEPAEFWDLLGGKTPYANDKRLQQEILDVQSRLFECSNKTGQFVVTEITDFTQDDLNPTDVMLLDTWDQVFLWIGAEANATEKESALATAQQYLHTHPSGRDPDTPILIIKQGFEPPIFTGWFLAWDPNIWSAGKTYEQLKEELGDAAAIMRITADMKNATLSLNSNDSEPKYYPIAVLLKNQNQELPEDVNPAKKENYLSEQDFVSVFGITRGQFAALPGWKQLQMKKEKGLF
ENSP00000372324.2,ZMYM2,MDTSSVGGLELTDQTPVLLGSTAMATSLTNVGNSFSGPANPLVSRSNKFQNSSVEDDDDVVFIEPVQPPPPSVPVVADQRTITFTSSKNEELQGNDSKITPSSKELASQKGSVSETIVIDDEEDMETNQGQEKNSSNFIERRPPETKNRTNDVDFSTSSFSRSKVNAGMGNSGITTEPDSEIQIANVTTLETGVSSVNDGQLENTDGRDMNLMITHVTSLQNTNLGDVSNGLQSSNFGVNIQTYTPSLTSQTKTGVGPFNPGRMNVAGDVFQNGESATHHNPDSWISQSASFPRNQKQPGVDSLSPVASLPKQIFQPSVQQQPTKPVKVTCANCKKPLQKGQTAYQRKGSAHLFCSTTCLSSFSHKPAPKKLCVMCKKDITTMKGTIVAQVDSSESFQEFCSTSCLSLYEDKQNPTKGALNKSRCTICGKLTEIRHEVSFKNMTHKLCSDHCFNRYRMANGLIMNCCEQCGEYLPSKGAGNNVLVIDGQQKRFCCQSCVSEYKQVGSHPSFLKEVRDHMQDSFLMQPEKYGKLTTCTGCRTQCRFFDMTQCIGPNGYMEPYCSTACMNSHKTKYAKSQSLGIICHFCKRNSLPQYQATMPDGKLYNFCNSSCVAKFQALSMQSSPNGQFVAPSDIQLKCNYCKNSFCSKPEILEWENKVHQFCSKTCSDDYKKLHCIVTYCEYCQEEKTLHETVNFSGVKRPFCSEGCKLLYKQDFARRLGLRCVTCNYCSQLCKKGATKELDGVVRDFCSEDCCKKFQDWYYKAARCDCCKSQGTLKERVQWRGEMKHFCDQHCLLRFYCQQNEPNMTTQKGPENLHYDQGCQTSRTKMTGSAPPPSPTPNKEMKNKAVLCKPLTMTKATYCKPHMQTKSCQTDDTWRTEYVPVPIPVPVYIPVPMHMYSQNIPVPTTVPVPVPVPVFLPAPLDSSEKIPAAIEELKSKVSSDALDTELLTMTDMMSEDEGKTETTNINSVIIETDIIGSDLLKNSDPETQSSMPDVPYEPDLDIEIDFPRAAEELDMENEFLLPPVFGEEYEEQPRPRSKKKGAKRKAVSGYQSHDDSSDNSECSFPFKYTYGVNAWKHWVKTRQLDEDLLVLDELKSSKSVKLKEDLLSHTTAELNYGLAHFVNEIRRPNGENYAPDSIYYLCLGIQEYLCGSNRKDNIFIDPGYQTFEQELNKILRSWQPSILPDGSIFSRVEEDYLWRIKQLGSHSPVALLNTLFYFNTKYFGLKTVEQHLRLSFGTVFRHWKKNPLTMENKACLRYQVSSLCGTDNEDKITTGKRKHEDDEPVFEQIENTANPSRCPVKMFECYLSKSPQNLNQRMDVFYLQPECSSSTDSPVWYTSTSLDRNTLENMLVRVLLVKDIYDKDNYELDEDTD
ENSP00000364361.3,MAP3K20,MSSLGASFVQIKFDDLQFFENCGGGSFGSVYRAKWISQDKEVAVKKLLKIEKEAEILSVLSHRNIIQFYGVILEPPNYGIVTEYASLGSLYDYINSNRSEEMDMDHIMTWATDVAKGMHYLHMEAPVKVIHRDLKSRNVVIAADGVLKICDFGASRFHNHTTHMSLVGTFPWMAPEVIQSLPVSETCDTYSYGVVLWEMLTREVPFKGLEGLQVAWLVVEKNERLTIPSSCPRSFAELLHQCWEADAKKRPSFKQIISILESMSNDTSLPDKCNSFLHNKAEWRCEIEATLERLKKLERDLSFKEQELKERERRLKMWEQKLTEQSNTPLLPSFEIGAWTEDDVYCWVQQLVRKGDSSAEMSVYASLFKENNITGKRLLLLEEEDLKDMGIVSKGHIIHFKSAIEKLTHDYINLFHFPPLIKDSGGEPEENEEKIVNLELVFGFHLKPGTGPQDCKWKMYMEMDGDEIAITYIKDVTFNTNLPDAEILKMTKPPFVMEKWIVGIAKSQTVECTVTYESDVRTPKSTKHVHSIQWSRTKPQDEVKAVQLAIQTLFTNSDGNPGSRSDSSADCQWLDTLRMRQIASNTSLQRSQSNPILGSPFFSHFDGQDSYAAAVRRPQVPIKYQQITPVNQSRSSSPTQYGLTKNFSSLHLNSRDSGFSSGNTDTSSERGRYSDRSRNKYGRGSISLNSSPRGRYSGKSQHSTPSRGRYPGKFYRVSQSALNPHQSPDFKRSPRDLHQPNTIPGMPLHPETDSRASEEDSKVSEGGWTKVEYRKKPHRPSPAKTNKERARGDHRGWRNF
ENSP00000347997.2,UBQLN3,MAKGGEALPQGSPAPVQDPHLIKVTVKTPKDKEDFSVTDTCTIQQLKEEISQRFKAHPDQLVLIFAGKILKDPDSLAQCGVRDGLTVHLVIKRQHRAMGNECPAASVPTQGPSPGSLPQPSSIYPADGPPAFSLGLLTGLSRLGLAYRGFPDQPSSLMRQHVSVPEFVTQLIDDPFIPGLLSNTGLVRQLVLDNPHMQQLIQHNPEIGHILNNPEIMRQTLEFLRNPAMMQEMIRSQDRVLSNLESIPGGYNVLCTMYTDIMDPMLNAVQEQFGGNPFATATTDNATTTTSQPSRMENCDPLPNPWTSTHGGSGSRQGRQDGDQDAPDIRNRFPNFLGIIRLYDYLQQLHENPQSLGTYLQGTASALSQSQEPPPSVNRVPPSSPSSQEPGSGQPLPEESVAIKGRSSCPAFLRYPTENSTGQGGDQDGAGKSSTGHSTNLPDLVSGLGDSANRVPFAPLSFSPTAAIPGIPEPPWLPSPAYPRSLRPDGMNPAPQLQDEIQPQLPLLMHLQAAMANPRALQALRQIEQGLQVLATEAPRLLLWFMPCLAGTGSVAGGIESREDPLMSEDPLPNPPPEVFPALDSAELGFLSPPFLHMLQDLVSTNPQQLQPEAHFQVQLEQLRSMGFLNREANLQALIATGGDVDAAVEKLRQS
ENSP00000283195.6,RANBP2,MRRSKADVERYIASVQGSTPSPRQKSMKGFYFAKLYYEAKEYDLAKKYICTYINVQERDPKAHRFLGLLYELEENTDKAVECYRRSVELNPTQKDLVLKIAELLCKNDVTDGRAKYWLERAAKLFPGSPAIYKLKEQLLDCEGEDGWNKLFDLIQSELYVRPDDVHVNIRLVEVYRSTKRLKDAVAHCHEAERNIALRSSLEWNSCVVQTLKEYLESLQCLESDKSDWRATNTDLLLAYANLMLLTLSTRDVQESRELLQSFDSALQSVKSLGGNDELSATFLEMKGHFYMHAGSLLLKMGQHSSNVQWRALSELAALCYLIAFQVPRPKIKLIKGEAGQNLLEMMACDRLSQSGHMLLNLSRGKQDFLKEIVETFANKSGQSALYDALFSSQSPKDTSFLGSDDIGNIDVREPELEDLTRYDVGAIRAHNGSLQHLTWLGLQWNSLPALPGIRKWLKQLFHHLPHETSRLETNAPESICILDLEVFLLGVVYTSHLQLKEKCNSHHSSYQPLCLPLPVCKQLCTERQKSWWDAVCTLIHRKAVPGNVAKLRLLVQHEINTLRAQEKHGLQPALLVHWAECLQKTGSGLNSFYDQREYIGRSVHYWKKVLPLLKIIKKKNSIPEPIDPLFKHFHSVDIQASEIVEYEEDAHITFAILDAVNGNIEDAVTAFESIKSVVSYWNLALIFHRKAEDIENDALSPEEQEECKNYLRKTRDYLIKIIDDSDSNLSVVKKLPVPLESVKEMLNSVMQELEDYSEGGPLYKNGSLRNADSEIKHSTPSPTRYSLSPSKSYKYSPKTPPRWAEDQNSLLKMICQQVEAIKKEMQELKLNSSNSASPHRWPTENYGPDSVPDGYQGSQTFHGAPLTVATTGPSVYYSQSPAYNSQYLLRPAANVTPTKGPVYGMNRLPPQQHIYAYPQQMHTPPVQSSSACMFSQEMYGPPALRFESPATGILSPRGDDYFNYNVQQTSTNPPLPEPGYFTKPPIAAHASRSAESKTIEFGKTNFVQPMPGEGLRPSLPTQAHTTQPTPFKFNSNFKSNDGDFTFSSPQVVTQPPPAAYSNSESLLGLLTSDKPLQGDGYSGAKPIPGGQTIGPRNTFNFGSKNVSGISFTENMGSSQQKNSGFRRSDDMFTFHGPGKSVFGTPTLETANKNHETDGGSAHGDDDDDGPHFEPVVPLPDKIEVKTGEEDEEEFFCNRAKLFRFDVESKEWKERGIGNVKILRHKTSGKIRLLMRREQVLKICANHYISPDMKLTPNAGSDRSFVWHALDYADELPKPEQLAIRFKTPEEAALFKCKFEEAQSILKAPGTNVAMASNQAVRIVKEPTSHDNKDICKSDAGNLNFEFQVAKKEGSWWHCNSCSLKNASTAKKCVSCQNLNPSNKELVGPPLAETVFTPKTSPENVQDRFALVTPKKEGHWDCSICLVRNEPTVSRCIACQNTKSANKSGSSFVHQASFKFGQGDLPKPINSDFRSVFSTKEGQWDCSACLVQNEGSSTKCAACQNPRKQSLPATSIPTPASFKFGTSETSKTLKSGFEDMFAKKEGQWDCSSCLVRNEANATRCVACQNPDKPSPSTSVPAPASFKFGTSETSKAPKSGFEGMFTKKEGQWDCSVCLVRNEASATKCIACQNPGKQNQTTSAVSTPASSETSKAPKSGFEGMFTKKEGQWDCSVCLVRNEASATKCIACQNPGKQNQTTSAVSTPASSETSKAPKSGFEGMFTKKEGQWDCSVCLVRNEASATKCIACQCPSKQNQTTAISTPASSEISKAPKSGFEGMFIRKGQWDCSVCCVQNESSSLKCVACDASKPTHKPIAEAPSAFTLGSEMKLHDSSGSQVGTGFKSNFSEKASKFGNTEQGFKFGHVDQENSPSFMFQGSSNTEFKSTKEGFSIPVSADGFKFGISEPGNQEKKSEKPLENGTGFQAQDISGQKNGRGVIFGQTSSTFTFADLAKSTSGEGFQFGKKDPNFKGFSGAGEKLFSSQYGKMANKANTSGDFEKDDDAYKTEDSDDIHFEPVVQMPEKVELVTGEEDEKVLYSQRVKLFRFDAEVSQWKERGLGNLKILKNEVNGKLRMLMRREQVLKVCANHWITTTMNLKPLSGSDRAWMWLASDFSDGDAKLEQLAAKFKTPELAEEFKQKFEECQRLLLDIPLQTPHKLVDTGRAAKLIQRAEEMKSGLKDFKTFLTNDQTKVTEEENKGSGTGAAGASDTTIKPNPENTGPTLEWDNYDLREDALDDSVSSSSVHASPLASSPVRKNLFRFGESTTGFNFSFKSALSPSKSPAKLNQSGTSVGTDEESDVTQEEERDGQYFEPVVPLPDLVEVSSGEENEQVVFSHRAKLYRYDKDVGQWKERGIGDIKILQNYDNKQVRIVMRRDQVLKLCANHRITPDMTLQNMKGTERVWLWTACDFADGERKVEHLAVRFKLQDVADSFKKIFDEAKTAQEKDSLITPHVSRSSTPRESPCGKIAVAVLEETTRERTDVIQGDDVADATSEVEVSSTSETTPKAVVSPPKFVFGSESVKSIFSSEKSKPFAFGNSSATGSLFGFSFNAPLKSNNSETSSVAQSGSESKVEPKKCELSKNSDIEQSSDSKVKNLFASFPTEESSINYTFKTPEKAKEKKKPEDSPSDDDVLIVYELTPTAEQKALATKLKLPPTFFCYKNRPDYVSEEEEDDEDFETAVKKLNGKLYLDGSEKCRPLEENTADNEKECIIVWEKKPTVEEKAKADTLKLPPTFFCGVCSDTDEDNGNGEDFQSELQKVQEAQKSQTEEITSTTDSVYTGGTEVMVPSFCKSEEPDSITKSISSPSVSSETMDKPVDLSTRKEIDTDSTSQGESKIVSFGFGSSTGLSFADLASSNSGDFAFGSKDKNFQWANTGAAVFGTQSVGTQSAGKVGEDEDGSDEEVVHNEDIHFEPIVSLPEVEVKSGEEDEEILFKERAKLYRWDRDVSQWKERGVGDIKILWHTMKNYYRILMRRDQVFKVCANHVITKTMELKPLNVSNNALVWTASDYADGEAKVEQLAVRFKTKEVADCFKKTFEECQQNLMKLQKGHVSLAAELSKETNPVVFFDVCADGEPLGRITMELFSNIVPRTAENFRALCTGEKGFGFKNSIFHRVIPDFVCQGGDITKHDGTGGQSIYGDKFEDENFDVKHTGPGLLSMANQGQNTNNSQFVITLKKAEHLDFKHVVFGFVKDGMDTVKKIESFGSPKGSVCRRITITECGQI
ENSP00000346805.3,CRYBA4,MTLQCTKSAGPWKMVVWDEDGFQGRRHEFTAECPSVLELGFETVRSLKVLSGAWVGFEHAGFQGQQYILERGEYPSWDAWGGNTAYPAERLTSFRPAACANHRDSRLTIFEQENFLGKKGELSDDYPSLQAMGWEGNEVGSFHVHSGAWVCSQFPGYRGFQYVLECDHHSGDYKHFREWGSHAPTFQVQSIRRIQQ
ENSP00000254942.3,TERF2,MAAGAGTAGPASGPGVVRDPAASQPRKRPGREGGEGARRSDTMAGGGGSSDGSGRAAGRRASRSSGRARRGRHEPGLGGPAERGAGEARLEEAVNRWVLKFYFHEALRAFRGSRYGDFRQIRDIMQALLVRPLGKEHTVSRLLRVMQCLSRIEEGENLDCSFDMEAELTPLESAINVLEMIKTEFTLTEAVVESSRKLVKEAAVIICIKNKEFEKASKILKKHMSKDPTTQKLRNDLLNIIREKNLAHPVIQNFSYETFQQKMLRFLESHLDDAEPYLLTMAKKALKSESAASSTGKEDKQPAPGPVEKPPREPARQLRNPPTTIGMMTLKAAFKTLSGAQDSEAAFAKLDQKDLVLPTQALPASPALKNKRPRKDENESSAPADGEGGSELQPKNKRMTISRLVLEEDSQSTEPSAGLNSSQEAASAPPSKPTVLNQPLPGEKNPKVPKGKWNSSNGVEEKETWVEEDELFQVQAAPDEDSTTNITKKQKWTVEESEWVKAGVQKYGEGNWAAISKNYPFVNRTAVMIKDRWRTMKRLGMN
ENSP00000305556.5,PCBP1,MDAGVTESGLNVTLTIRLLMHGKEVGSIIGKKGESVKRIREESGARINISEGNCPERIITLTGPTNAIFKAFAMIIDKLEEDINSSMTNSTAASRPPVTLRLVVPATQCGSLIGKGGCKIKEIRESTGAQVQVAGDMLPNSTERAITIAGVPQSVTECVKQICLVMLETLSQSPQGRVMTIPYQPMPASSPVICAGGQDRCSDAAGYPHATHDLEGPPLDAYSIQGQHTISPLDLAKLNQVARQQSHFAMMHGGTGFAGIDSSSPEVKGYWASLDASTQTTHELTIPNNLIGCIIGRQGANINEIRQMSGAQIKIANPVEGSSGRQVTITGSAASISLAQYLINARLSSEKGMGCS
ENSP00000323588.1,SOX2,MYNMMETELKPPGPQQTSGGGGGNSTAAAAGGNQKNSPDRVKRPMNAFMVWSRGQRRKMAQENPKMHNSEISKRLGAEWKLLSETEKRPFIDEAKRLRALHMKEHPDYKYRPRRKTKTLMKKDKYTLPGGLLAPGGNSMASGVGVGAGLGAGVNQRMDSYAHMNGWSNGSYSMMQDQLGYPQHPGLNAHGAAQMQPMHRYDVSALQYNSMTSSQTYMNGSPTYSMSYSQQGTPGMALGSMGSVVKSEASSSPPVVTSSSHSRAPCQAGDLRDMISMYLPGAEVPEPAAPSRLHMSQHYQSGPVPGTAINGTLPLSHM
ENSP00000257940.2,ZC3H10,MPDRDSYANGTGSSGGGPGGGGSEEASGAGVGSGGASSDAICRDFLRNVCKRGKRCRYRHPDMSEVSNLGVSKNEFIFCHDFQNKECSRPNCRFIHGSKEDEDGYKKTGELPPRLRQKVAAGLGLSPADLPNGKEEVPICRDFLKGDCQRGAKCKFRHLQRDFEFDARGGGGTGGGSTGSVLPGRRHDLYDIYDLPDRGFEDHEPGPKRRRGGCCPPDGPHFESYEYSLAPPRGVECRLLEEENAMLRKRVEELKKQVSNLLATNEVLLEQNAQFRNQAKVITLSSTAPATEQTLAPTVGTVATFNHGIAQTHTTLSSQALQPRPVSQQELVAPAGAPAAPPTNAAPPAAPPPPPPHLTPEITPLSAALAQTIAQGMAPPPVSMAPVAVSVAPVAPVAVSMAQPLAGITMSHTTTPMVTYPIASQSMRITAMPH
ENSP00000315659.4,DNMBP,MEAGSVVRAIFDFCPSVSEELPLFVGDIIEVLAVVDEFWLLGKKEDVTGQFPSSFVEIVTIPSLKEGERLFVCICEFTSQELDNLPLHRGDLVILDGIPTAGWLQGRSCWGARGFFPSSCVRELCLSSQSRQWHSQSALFQIPEYSMGQARALMGLSAQLDEELDFREGDVITIIGVPEPGWFEGELEGRRGIFPEGFVELLGPLRTVDESVSSGNQDDCIVNGEVDTPVGEEEIGPDEDEEEPGTYGVALYRFQALEPNELDFEVGDKIRILATLEDGWLEGSLKGRTGIFPYRFVKLCPDTRVEETMALPQEGSLARIPETSLDCLENTLGVEEQRHETSDHEAEEPDCIISEAPTSPLGHLTSEYDTDRNSYQDEDTAGGPPRSPGVEWEMPLATDSPTSDPTEVVNGISSQPQVPFHPNLQKSQYYSTVGGSHPHSEQYPDLLPLEARTRDYASLPPKRMYSQLKTLQKPVLPLYRGSSVSASRVVKPRQSSPQLHNLASYTKKHHTSSVYSISERLEMKPGPQAQGLVMEAATHSQGDGSTDLDSKLTQQLIEFEKSLAGPGTEPDKILRHFSIMDFNSEKDIVRGSSKLITEQELPERRKALRPPPPRPCTPVSTSPHLLVDQNLKPAPPLVVRPSRPAPLPPSAQQRTNAVSPKLLSRHRPTCETLEKEGPGHMGRSLDQTSPCPLVLVRIEEMERDLDMYSRAQEELNLMLEEKQDESSRAETLEDLKFCESNIESLNMELQQLREMTLLSSQSSSLVAPSGSVSAENPEQRMLEKRAKVIEELLQTERDYIRDLEMCIERIMVPMQQAQVPNIDFEGLFGNMQMVIKVSKQLLAALEISDAVGPVFLGHRDELEGTYKIYCQNHDEAIALLEIYEKDEKIQKHLQDSLADLKSLYNEWGCTNYINLGSFLIKPVQRVMRYPLLLMELLNSTPESHPDKVPLTNAVLAVKEINVNINEYKRRKDLVLKYRKGDEDSLMEKISKLNIHSIIKKSNRVSSHLKHLTGFAPQIKDEVFEETEKNFRMQERLIKSFIRDLSLYLQHIRESACVKVVAAVSMWDVCMERGHRDLEQFERVHRYISDQLFTNFKERTERLVISPLNQLLSMFTGPHKLVQKRFDKLLDFYNCTERAEKLKDKKTLEELQSARNNYEALNAQLLDELPKFHQYAQGLFTNCVHGYAEAHCDFVHQALEQLKPLLSLLKVAGREGNLIAIFHEEHSRVLQQLQVFTFFPESLPATKKPFERKTIDRQSARKPLLGLPSYMLQSEELRASLLARYPPEKLFQAERNFNAAQDLDVSLLEGDLVGVIKKKDPMGSQNRWLIDNGVTKGFVYSSFLKPYNPRRSHSDASVGSHSSTESEHGSSSPRFPRQNSGSTLTFNPSSMAVSFTSGSCQKQPQDASPPPKECDQGTLSASLNPSNSESSPSRCPSDPDSTSQPRSGDSADVARDVKQPTATPRSYRNFRHPEIVGYSVPGRNGQSQDLVKGCARTAQAPEDRSTEPDGSEAEGNQVYFAVYTFKARNPNELSVSANQKLKILEFKDVTGNTEWWLAEVNGKKGYVPSNYIRKTEYT
ENSP00000302105.4,CRYGA,MGKITFYEDRDFQGRCYNCISDCPNLRVYFSRCNSIRVDSGCWMLYERPNYQGHQYFLRRGKYPDYQHWMGLSDSVQSCRIIPHTSSHKLRLYERDDYRGLMSELTDDCACVPELFRLPEIYSLHVLEGCWVLYEMPNYRGRQYLLRPGDYRRYHDWGGADAKVGSLRRVTDLY
ENSP00000318177.9,FUBP3,MAELVQGQSAPVGMKAEGFVDALHRVRQIAAKIDSIPHLNNSTPLVDPSVYGYGVQKRPLDDGVGNQLGALVHQRTVITEEFKVPDKMVGFIIGRGGEQISRIQAESGCKIQIASESSGIPERPCVLTGTPESIEQAKRLLGQIVDRCRNGPGFHNDIDSNSTIQEILIPASKVGLVIGRGGETIKQLQERTGVKMVMIQDGPLPTGADKPLRITGDAFKVQQAREMVLEIIREKDQADFRGVRGDFNSRMGGGSIEVSVPRFAVGIVIGRNGEMIKKIQNDAGVRIQFKPDDGISPERAAQVMGPPDRCQHAAHIISELILTAQERDGFGGLAAARGRGRGRGDWSVGAPGGVQEITYTVPADKCGLVIGKGGENIKSINQQSGAHVELQRNPPPNSDPNLRRFTIRGVPQQIEVARQLIDEKVGGTNLGAPGAFGQSPFSQPPAPPHQNTFPPRSSGCFPNMAAKVNGNPHSTPVSGPPAFLTQGWGSTYQAWQQPTQQVPSQQSQPQSSQPNYSKAWEDYYKKQSHAASAAPQASSPPDYTMAWAEYYRQQVAFYGQTLGQAQAHSQEQ
ENSP00000261537.6,MIB1,MSNSRNNRVMVEGVGARVVRGPDWKWGKQDGGEGHVGTVRSFESPEEVVVVWDNGTAANYRCSGAYDLRILDSAPTGIKHDGTMCDTCRQQPIIGIRWKCAECTNYDLCTVCYHGDKHHLRHRFYRITTPGSERVLLESRRKSKKITARGIFAGARVVRGVDWQWEDQDGGNGRRGKVTEIQDWSASSPHSAAYVLWDNGAKNLYRVGFEGMSDLKCVQDAKGGSFYRDHCPVLGEQNGNRNPGGLQIGDLVNIDLDLEIVQSLQHGHGGWTDGMFETLTTTGTVCGIDEDHDIVVQYPSGNRWTFNPAVLTKANIVRSGDAAQGAEGGTSQFQVGDLVQVCYDLERIKLLQRGHGEWAEAMLPTLGKVGRVQQIYSDSDLKVEVCGTSWTYNPAAVSKVASAGSAISNASGERLSQLLKKLFETQESGDLNEELVKAAANGDVAKVEDLLKRPDVDVNGQCAGHTAMQAASQNGHVDILKLLLKQNVDVEAEDKDGDRAVHHAAFGDEGAVIEVLHRGSADLNARNKRRQTPLHIAVNKGHLQVVKTLLDFGCHPSLQDSEGDTPLHDAISKKRDDILAVLLEAGADVTITNNNGFNALHHAALRGNPSAMRVLLSKLPRPWIVDEKKDDGYTALHLAALNNHVEVAELLVHQGNANLDIQNVNQQTALHLAVERQHTQIVRLLVRAGAKLDIQDKDGDTPLHEALRHHTLSQLRQLQDMQDVGKVDAAWEPSKNTLIMGLGTQGAEKKSAASIACFLAANGADLSIRNKKGQSPLDLCPDPNLCKALAKCHKEKVSGQVGSRSPSMISNDSETLEECMVCSDMKRDTLFGPCGHIATCSLCSPRVKKCLICKEQVQSRTKIEECVVCSDKKAAVLFQPCGHMCACENCANLMKKCVQCRAVVERRVPFIMCCGGKSSEDATDDISSGNIPVLQKDKDNTNVNADVQKLQQQLQDIKEQTMCPVCLDRLKNMIFLCGHGTCQLCGDRMSECPICRKAIERRILLY
ENSP00000284629.2,ASZ1,MAASALRGLPVAGGGESSESEDDGWEIGYLDRTSQKLKRLLPIEEKKEKFKKAMTIGDVSLVQELLDSGISVDSNFQYGWTPLMYAASVANAELVRVLLDRGANASFEKDKQSILITACSAHGSEEQILKCVELLLSRNADPNVACRRLMTPIMYAARDGHTQVVALLVAHGAEVNTQDENGYTALTWAARQGHKNIVLKLLELGANKMLQTKDGKMPSEIAKRNKHHEIFNLLSFTLNPLEGKLQQLTKEDTICKILTTDSDREKDHIFSSYTAFGDLEVFLHGLGLEHMTDLLKERDITLRHLLTMREDEFTKNGITSKDQQKILAALKELQVEEIQFGELSEETKLEISGDEFLNFLLKLNKQCGHLITAVQNVITELPVNSQKITLEWASPQNFTSVCEELVNNVEDLSEKVCKLKDLIQKLQNERENDPTHIQLREEVSTWNSRILKRTAITICGFGFLLFICKLTFQRK
ENSP00000155840.2,KCNQ1,MAAASSPPRAERKRWGWGRLPGARRGSAGLAKKCPFSLELAEGGPAGGALYAPIAPGAPGPAPPASPAAPAAPPVASDLGPRPPVSLDPRVSIYSTRRPVLARTHVQGRVYNFLERPTGWKCFVYHFAVFLIVLVCLIFSVLSTIEQYAALATGTLFWMEIVLVVFFGTEYVVRLWSAGCRSKYVGLWGRLRFARKPISIIDLIVVVASMVVLCVGSKGQVFATSAIRGIRFLQILRMLHVDRQGGTWRLLGSVVFIHRQELITTLYIGFLGLIFSSYFVYLAEKDAVNESGRVEFGSYADALWWGVVTVTTIGYGDKVPQTWVGKTIASCFSVFAISFFALPAGILGSGFALKVQQKQRQKHFNRQIPAAASLIQTAWRCYAAENPDSSTWKIYIRKAPRSHTLLSPSPKPKKSVVVKKKKFKLDKDNGVTPGEKMLTVPHITCDPPEERRLDHFSVDGYDSSVRKSPTLLEVSMPHFMRTNSFAEDLDLEGETLLTPITHISQLREHHRATIKVIRRMQYFVAKKKFQQARKPYDVRDVIEQYSQGHLNLMVRIKELQRRLDQSIGKPSLFISVSEKSKDRGSNTIGARLNRVEDKVTQLDQRLALITDMLHQLLSLHGGSTPGSGGPPREGGAHITQPCGSGGSVDPELFLPSNTLPTYEQLTVPRRGPDEGS
ENSP00000220751.4,RIPK2,MNGEAICSALPTIPYHKLADLRYLSRGASGTVSSARHADWRVQVAVKHLHIHTPLLDSERKDVLREAEILHKARFSYILPILGICNEPEFLGIVTEYMPNGSLNELLHRKTEYPDVAWPLRFRILHEIALGVNYLHNMTPPLLHHDLKTQNILLDNEFHVKIADFGLSKWRMMSLSQSRSSKSAPEGGTIIYMPPENYEPGQKSRASIKHDIYSYAVITWEVLSRKQPFEDVTNPLQIMYSVSQGHRPVINEESLPYDIPHRARMISLIESGWAQNPDERPSFLKCLIELEPVLRTFEEITFLEAVIQLKKTKLQSVSSAIHLCDKKKMELSLNIPVNHGPQEESCGSSQLHENSGSPETSRSLPAPQDNDFLSRKAQDCYFMKLHHCPGNHSWDSTISGSQRAAFCDHKTTPCSSAIINPLSTAGNSERLQPGIAQQWIQSKREDIVNQMTEACLNQSLDALLSRDLIMKEDYELVSTKPTRTSKVRQLLDTTDIQGEEFAKVIVQKLKDNKQMGLQPYPEILVVSRSPSLNLLQNKSM
ENSP00000378426.2,VKORC1,MGSTWGSPGWVRLALCLTGLVLSLYALHVKAARARDRDYRALCDVGTAISCSRVFSSRWGRGFGLVEHVLGQDSILNQSNSIFGCIFYTLQLLLGCLRTRWASVLMLLSSLVSLAGSVYLAWILFFVLYDFCIVCITTYAINVSLMWLSFRKVQEPQGKAKRH
ENSP00000419199.1,ASB14,MDNYTSDEDIDEDFDTQLIIQQSLQDIYKPGTAQHAPKDESLHSFLSADYKKIVETIEKVGKEDALSHLTKYHSAFGEADEIGWIPLHKAAVQLNRKILEITLSASDPSLWEQTTHNGETPLFLAVSSCLLENATFLLLNGCNPNAKNFEGNSPLLAAVLRDCYDMAALLINYGADVNLRCANERTALHEAAKLGREDMVKLMLVSGAHPDPQSTYGFTPLALAAQSGHTEIMEMLLRKGKIFCLASDSSSILLEAASGGNPDAVALLLEYGADANIPKNSGHLPIHVAADRGHLLALKILIPVTDLAAIKQSGISPVHCAAAGAHPQCLELLIQAGFDVNFMLDQRINKHYDDHRKSALYFAVSNSDLSSVKLLLSAGALPNQDPVNCLQIALRMGNYELISLLLRHGANVNYFCRVNPLHFPSALQYTLKDEVMLRMLLNYGYDTERCFDCPHGDKVHPSYTVEGWTSTVIKDTKFCEVITLSWLQHLSGKVVRVMLDYVDQVRICSKLKAVLQKQGIWSEIHFILTNPRSLKHLCRLKIRKCMGRLHLRCPVFMSFLPLPNRLKAYVLYKEYDLYGQGIFTGTW
ENSP00000356253.5,ELF3,MAATCEISNIFSNYFSAMYSSEDSTLASVPPAATFGADDLVLTLSNPQMSLEGTEKASWLGEQPQFWSKTQVLDWISYQVEKNKYDASAIDFSRCDMDGATLCNCALEELRLVFGPLGDQLHAQLRDLTSSSSDELSWIIELLEKDGMAFQEALDPGPFDQGSPFAQELLDDGQQASPYHPGSCGAGAPSPGSSDVSTAGTGASRSSHSSDSGGSDVDLDPTDGKLFPSDGFRDCKKGDPKHGKRKRGRPRKLSKEYWDCLEGKKSKHAPRGTHLWEFIRDILIHPELNEGLMKWENRHEGVFKFLRSEAVAQLWGQKKKNSNMTYEKLSRAMRYYYKREILERVDGRRLVYKFGKNSSGWKEEEVLQSRN
ENSP00000365514.3,ZIC2,MLLDAGPQFPAIGVGSFARHHHHSAAAAAAAAAEMQDRELSLAAAQNGFVDSAAAHMGAFKLNPGAHELSPGQSSAFTSQGPGAYPGSAAAAAAAAALGPHAAHVGSYSGPPFNSTRDFLFRSRGFGDSAPGGGQHGLFGPGAGGLHHAHSDAQGHLLFPGLPEQHGPHGSQNVLNGQMRLGLPGEVFGRSEQYRQVASPRTDPYSAAQLHNQYGPMNMNMGMNMAAAAAHHHHHHHHHPGAFFRYMRQQCIKQELICKWIDPEQLSNPKKSCNKTFSTMHELVTHVSVEHVGGPEQSNHVCFWEECPREGKPFKAKYKLVNHIRVHTGEKPFPCPFPGCGKVFARSENLKIHKRTHTGEKPFQCEFEGCDRRFANSSDRKKHMHVHTSDKPYLCKMCDKSYTHPSSLRKHMKVHESSPQGSESSPAASSGYESSTPPGLVSPSAEPQSSSNLSPAAAAAAAAAAAAAAAVSAVHRGGGSGSGGAGGGSGGGSGSGGGGGGAGGGGGGSSGGGSGTAGGHSGLSSNFNEWYV
ENSP00000399719.1,GFI1,MPRSFLVKSKKAHSYHQPRSPGPDYSLRLENVPAPSRADSTSNAGGAKAEPRDRLSPESQLTEAPDRASASPDSCEGSVCERSSEFEDFWRPPSPSASPASEKSMCPSLDEAQPFPLPFKPYSWSGLAGSDLRHLVQSYRPCGALERGAGLGLFCEPAPEPGHPAALYGPKRAAGGAGAGAPGSCSAGAGATAGPGLGLYGDFGSAAAGLYERPTAAAGLLYPERGHGLHADKGAGVKVESELLCTRLLLGGGSYKCIKCSKVFSTPHGLEVHVRRSHSGTRPFACEMCGKTFGHAVSLEQHKAVHSQERSFDCKICGKSFKRSSTLSTHLLIHSDTRPYPCQYCGKRFHQKSDMKKHTFIHTGEKPHKCQVCGKAFSQSSNLITHSRKHTGFKPFGCDLCGKGFQRKVDLRRHRETQHGLK
ENSP00000252519.3,ACE2,MSSSSWLLLSLVAVTAAQSTIEEQAKTFLDKFNHEAEDLFYQSSLASWNYNTNITEENVQNMNNAGDKWSAFLKEQSTLAQMYPLQEIQNLTVKLQLQALQQNGSSVLSEDKSKRLNTILNTMSTIYSTGKVCNPDNPQECLLLEPGLNEIMANSLDYNERLWAWESWRSEVGKQLRPLYEEYVVLKNEMARANHYEDYGDYWRGDYEVNGVDGYDYSRGQLIEDVEHTFEEIKPLYEHLHAYVRAKLMNAYPSYISPIGCLPAHLLGDMWGRFWTNLYSLTVPFGQKPNIDVTDAMVDQAWDAQRIFKEAEKFFVSVGLPNMTQGFWENSMLTDPGNVQKAVCHPTAWDLGKGDFRILMCTKVTMDDFLTAHHEMGHIQYDMAYAAQPFLLRNGANEGFHEAVGEIMSLSAATPKHLKSIGLLSPDFQEDNETEINFLLKQALTIVGTLPFTYMLEKWRWMVFKGEIPKDQWMKKWWEMKREIVGVVEPVPHDETYCDPASLFHVSNDYSFIRYYTRTLYQFQFQEALCQAAKHEGPLHKCDISNSTEAGQKLFNMLRLGKSEPWTLALENVVGAKNMNVRPLLNYFEPLFTWLKDQNKNSFVGWSTDWSPYADQSIKVRISLKSALGDKAYEWNDNEMYLFRSSVAYAMRQYFLKVKNQMILFGEEDVRVANLKPRISFNFFVTAPKNVSDIIPRTEVEKAIRMSRSRINDAFRLNDNSLEFLGIQPTLGPPNQPPVSIWLIVFGVVMGVIVVGIVILIFTGIRDRKKKNKARSGENPYASIDISKGENNPGFQNTDDVQTSF
ENSP00000372170.4,MSX1,MAPAADMTSLPLGVKVEDSAFGKPAGGGAGQAPSAAAATAAAMGADEEGAKPKVSPSLLPFSVEALMADHRKPGAKESALAPSEGVQAAGGSAQPLGVPPGSLGAPDAPSSPRPLGHFSVGGLLKLPEDALVKAESPEKPERTPWMQSPRFSPPPARRLSPPACTLRKHKTNRKPRTPFTTAQLLALERKFRQKQYLSIAERAEFSSSLSLTETQVKIWFQNRRAKAKRLQEAELEKLKMAAKPMLPPAAFGLSFPLGGPAAVAAAAGASLYGASGPFQRAALPVAPVGLYTAHVGYSMYHLT
ENSP00000340823.6,GTF2F2,MAERGELDLTGAKQNTGVWLVKVPKYLSQQWAKASGRGEVGKLRIAKTQGRTEVSFTLNEDLANIHDIGGKPASVSAPREHPFVLQSVGGQTLTVFTESSSDKLSLEGIVVQRAECRPAASENYMRLKRLQIEESSKPVRLSQQLDKVVTTNYKPVANHQYNIEYERKKKEDGKRARADKQHVLDMLFSAFEKHQYYNLKDLVDITKQPVVYLKEILKEIGVQNVKGIHKNTWELKPEYRHYQGEEKSD
ENSP00000361162.5,TOE1,MAADSDDGAVSAPAASDGGVSKSTTSGEELVVQVPVVDVQSNNFKEMWPSLLLAIKTANFVAVDTELSGLGDRKSLLNQCIEERYKAVCHAARTRSILSLGLACFKRQPDKGEHSYLAQVFNLTLLCMEEYVIEPKSVQFLIQHGFNFNQQYAQGIPYHKGNDKGDESQSQSVRTLFLELIRARRPLVLHNGLIDLVFLYQNFYAHLPESLGTFTADLCEMFPAGIYDTKYAAEFHARFVASYLEYAFRKCERENGKQRAAGSPHLTLEFCNYPSSMRDHIDYRCCLPPATHRPHPTSICDNFSAYGWCPLGPQCPQSHDIDLIIDTDEAAAEDKRRRRRRREKRKRALLNLPGTQTSGEAKDGPPKKQVCGDSIKPEETEQEVAADETRNLPHSKQGNKNDLEMGIKAARPEIADRATSEVPGSQASPNPVPGDGLHRAGFDAFMTGYVMAYVEVSQGPQPCSSGPWLPECHNKVYLSGKAVPLTVAKSQFSRSSKAHNQKMKLTWGSS
ENSP00000422930.2,ZFP30,MARDLVMFRDVAVDFSQEEWECLNSYQRNLYRDVILENYSNLVSLAGCSISKPDVITLLEQGKEPWMVVRDEKRRWTLDLESRYDTKKLFQGKDIYEMNLSQWKVMERIKSCGLEEQESPHEVCFRQVTKTTSEKMPTYRKLTSLPLYQKSHNREKPYECGECGKAFRVRQQLTFHQRIHTGEKPYECKECGKAFRQCAHLSRHQRIHTSDKLYECKKCGKIFTCGSDLRVHQRIHIGEKPYECKECGKAFRVRGQLNLHQRIHTGEKPYECKECGKAFRQYAHLTRHQRLNIAEKCYECKECGQAFLCSTGLRLHHKLHTGEKPYECKECGKAFRVRQQLTLHQRIHTGEKPYDCKECGKTFSRGYHLTLHQRIHTGEKPYECKECQKFFRRYSELISHQGIHIGEKPYECKECGKAFRLFSQLTQHQSIHFGEKPFKCKECEKTFRLLSQLTQHQSIHTGEKPYDCKECGKAFRLHSSLIQHQRIHSGEKPYKCKECKKAFRQHSHLTYHQRIHNVT
ENSP00000381803.3,MAPK1,MAAAAAAGAGPEMVRGQVFDVGPRYTNLSYIGEGAYGMVCSAYDNVNKVRVAIKKISPFEHQTYCQRTLREIKILLRFRHENIIGINDIIRAPTIEQMKDVYIVQDLMETDLYKLLKTQHLSNDHICYFLYQILRGLKYIHSANVLHRDLKPSNLLLNTTCDLKICDFGLARVADPDHDHTGFLTEYVATRWYRAPEIMLNSKGYTKSIDIWSVGCILAEMLSNRPIFPGKHYLDQLNHILGILGSPSQEDLNCIINLKARNYLLSLPHKNKVPWNRLFPNADSKALDLLDKMLTFNPHKRIEVEQALAHPYLEQYYDPSDEPIAEAPFKFDMELDDLPKEKLKELIFEETARFQPGYRS
ENSP00000315417.3,ALX1,MEFLSEKFALKSPPSKNSDFYMGAGGPLEHVMETLDNESFYSKASAGKCVQAFGPLPRAEHHVRLERTSPCQDSSVNYGITKVEGQPLHTELNRAMDNCNSLRMSPVKGMQEKGELDELGDKCDSNVSSSKKRRHRTTFTSLQLEELEKVFQKTHYPDVYVREQLALRTELTEARVQVWFQNRRAKWRKRERYGQIQQAKSHFAATYDISVLPRTDSYPQIQNNLWAGNASGGSVVTSCMLPRDTSSCMTPYSHSPRTDSSYTGFSNHQNQFSHVPLNNFFTDSLLTGATNGHAFETKPEFERRSSSIAVLRMKAKEHTANISWAM
ENSP00000264596.3,NEIL3,MVEGPGCTLNGEKIRARVLPGQAVTGVRGSALRSLQGRALRLAASTVVVSPQAAALNNDSSQNVLSLFNGYVYSGVETLGKELFMYFGPKALRIHFGMKGFIMINPLEYKYKNGASPVLEVQLTKDLICFFDSSVELRNSMESQQRIRMMKELDVCSPEFSFLRAESEVKKQKGRMLGDVLMDQNVLPGVGNIIKNEALFDSGLHPAVKVCQLTDEQIHHLMKMIRDFSILFYRCRKAGLALSKHYKVYKRPNCGQCHCRITVCRFGDNNRMTYFCPHCQKENPQHVDICKLPTRNTIISWTSSRVDHVMDSVARKSEEHWTCVVCTLINKPSSKACDACLTSRPIDSVLKSEENSTVFSHLMKYPCNTFGKPHTEVKINRKTAFGTTTLVLTDFSNKSSTLERKTKQNQILDEEFQNSPPASVCLNDIQHPSKKTTNDITQPSSKVNISPTISSESKLFSPAHKKPKTAQYSSPELKSCNPGYSNSELQINMTDGPRTLNPDSPRCSKHNRLCILRVVGKDGENKGRQFYACPLPREAQCGFFEWADLSFPFCNHGKRSTMKTVLKIGPNNGKNFFVCPLGKEKQCNFFQWAENGPGIKIIPGC
ENSP00000356437.3,SASH1,MEDAGAAGPGPEPEPEPEPEPEPAPEPEPEPKPGAGTSEAFSRLWTDVMGILDGSLGNIDDLAQQYADYYNTCFSDVCERMEELRKRRVSQDLEVEKPDASPTSLQLRSQIEESLGFCSAVSTPEVERKNPLHKSNSEDSSVGKGDWKKKNKYFWQNFRKNQKGIMRQTSKGEDVGYVASEITMSDEERIQLMMMVKEKMITIEEALARLKEYEAQHRQSAALDPADWPDGSYPTFDGSSNCNSREQSDDETEESVKFKRLHKLVNSTRRVRKKLIRVEEMKKPSTEGGEEHVFENSPVLDERSALYSGVHKKPLFFDGSPEKPPEDDSDSLTTSPSSSSLDTWGAGRKLVKTFSKGESRGLIKPPKKMGTFFSYPEEEKAQKVSRSLTEGEMKKGLGSLSHGRTCSFGGFDLTNRSLHVGSNNSDPMGKEGDFVYKEVIKSPTASRISLGKKVKSVKETMRKRMSKKYSSSVSEQDSGLDGMPGSPPPSQPDPEHLDKPKLKAGGSVESLRSSLSGQSSMSGQTVSTTDSSTSNRESVKSEDGDDEEPPYRGPFCGRARVHTDFTPSPYDTDSLKLKKGDIIDIISKPPMGTWMGLLNNKVGTFKFIYVDVLSEDEEKPKRPTRRRRKGRPPQPKSVEDLLDRINLKEHMPTFLFNGYEDLDTFKLLEEEDLDELNIRDPEHRAVLLTAVELLQEYDSNSDQSGSQEKLLVDSQGLSGCSPRDSGCYESSENLENGKTRKASLLSAKSSTEPSLKSFSRNQLGNYPTLPLMKSGDALKQGQEEGRLGGGLAPDTSKSCDPPGVTGLNKNRRSLPVSICRSCETLEGPQTVDTWPRSHSLDDLQVEPGAEQDVPTEVTEPPPQIVPEVPQKTTASSTKAQPLEQDSAVDNALLLTQSKRFSEPQKLTTKKLEGSIAASGRGLSPPQCLPRNYDAQPPGAKHGLARTPLEGHRKGHEFEGTHHPLGTKEGVDAEQRMQPKIPSQPPPVPAKKSRERLANGLHPVPMGPSGALPSPDAPCLPVKRGSPASPTSPSDCPPALAPRPLSGQAPGSPPSTRPPPWLSELPENTSLQEHGVKLGPALTRKVSCARGVDLETLTENKLHAEGIDLTEEPYSDKHGRCGIPEALVQRYAEDLDQPERDVAANMDQIRVKQLRKQHRMAIPSGGLTEICRKPVSPGCISSVSDWLISIGLPMYAGTLSTAGFSTLSQVPSLSHTCLQEAGITEERHIRKLLSAARLFKLPPGPEAM
ENSP00000382948.3,GABPA,MTKREAEELIEIEIDGTEKAECTEESIVEQTYAPAECVSQAIDINEPIGNLKKLLEPRLQCSLDAHEICLQDIQLDPERSLFDQGVKTDGTVQLSVQVISYQGIEPKLNILEIVKPADTVEVVIDPDAHHAESEAHLVEEAQVITLDGTKHITTISDETSEQVTRWAAALEGYRKEQERLGIPYDPIQWSTDQVLHWVVWVMKEFSMTDIDLTTLNISGRELCSLNQEDFFQRVPRGEILWSHLELLRKYVLASQEQQMNEIVTIDQPVQIIPASVQSATPTTIKVINSSAKAAKVQRAPRISGEDRSSPGNRTGNNGQIQLWQFLLELLTDKDARDCISWVGDEGEFKLNQPELVAQKWGQRKNKPTMNYEKLSRALRYYYDGDMICKVQGKRFVYKFVCDLKTLIGYSAAELNRLVTECEQKKLAKMQLHGIAQPVTAVALATASLQTEKDN
ENSP00000289292.7,SHROOM4,MENRPGSFQYVPVQLQGGAPWGFTLKGGLEHCEPLTVSKIEDGGKAALSQKMRTGDELVNINGTPLYGSRQEALILIKGSFRILKLIVRRRNAPVSRPHSWHVAKLLEGCPEAATTMHFPSEAFSLSWHSGCNTSDVCVQWCPLSRHCSTEKSSSIGSMESLEQPGQATYESHLLPIDQNMYPNQRDSAYSSFSASSNASDCALSLRPEEPASTDCIMQGPGPTKAPSGRPNVAETSGGSRRTNGGHLTPSSQMSSRPQEGYQSGPAKAVRGPPQPPVRRDSLQASRAQLLNGEQRRASEPVVPLPQKEKLSLEPVLPARNPNRFCCLSGHDQVTSEGHQNCEFSQPPESSQQGSEHLLMQASTKAVGSPKACDRASSVDSNPLNEASAELAKASFGRPPHLIGPTGHRHSAPEQLLASHLQHVHLDTRGSKGMELPPVQDGHQWTLSPLHSSHKGKKSPCPPTGGTHDQSSKERKTRQVDDRSLVLGHQSQSSPPHGEADGHPSEKGFLDPNRTSRAASELANQQPSASGSLVQQATDCSSTTKAASGTEAGEEGDSEPKECSRMGGRRSGGTRGRSIQNRRKSERFATNLRNEIQRRKAQLQKSKGPLSQLCDTKEPVEETQEPPESPPLTASNTSLLSSCKKPPSPRDKLFNKSMMLRARSSECLSQAPESHESRTGLEGRISPGQRPGQSSLGLNTWWKAPDPSSSDPEKAHAHCGVRGGHWRWSPEHNSQPLVAAAMEGPSNPGDNKELKASTAQAGEDAILLPFADRRKFFEESSKSLSTSHLPGLTTHSNKTFTQRPKPIDQNFQPMSSSCRELRRHPMDQSYHSADQPYHATDQSYHSMSPLQSETPTYSECFASKGLENSMCCKPLHCGDFDYHRTCSYSCSVQGALVHDPCIYCSGEICPALLKRNMMPNCYNCRCHHHQCIRCSVCYHNPQHSALEDSSLAPGNTWKPRKLTVQEFPGDKWNPITGNRKTSQSGREMAHSKTSFSWATPFHPCLENPALDLSSYRAISSLDLLGDFKHALKKSEETSVYEEGSSLASMPHPLRSRAFSESHISLAPQSTRAWGQHRRELFSKGDETQSDLLGARKKAFPPPRPPPPNWEKYRLFRAAQQQKQQQQQQKQQEEEEEEEEEEEEEEEEEEEEAEEEEEELPPQYFSSETSGSCALNPEEVLEQPQPLSFGHLEGSRQGSQSVPAEQESFALHSSDFLPPIRGHLGSQPEQAQPPCYYGIGGLWRTSGQEATESAKQEFQHFSPPSGAPGIPTSYSAYYNISVAKAELLNKLKDQPEMAEIGLGEEEVDHELAQKKIQLIESISRKLSVLREAQRGLLEDINANSALGEEVEANLKAVCKSNEFEKYHLFVGDLDKVVNLLLSLSGRLARVENALNSIDSEANQEKLVLIEKKQQLTGQLADAKELKEHVDRREKLVFGMVSRYLPQDQLQDYQHFVKMKSALIIEQRELEEKIKLGEEQLKCLRESLLLGPSNF
ENSP00000517670.1,SRC,MGSNKSKPKDASQRRRSLEPAENVHGAGGGAFPASQTPSKPASADGHRGPSAAFAPAAAEPKLFGGFNSSDTVTSPQRAGPLAGGVTTFVALYDYESRTETDLSFKKGERLQIVNNTEGDWWLAHSLSTGQTGYIPSNYVAPSDSIQAEEWYFGKITRRESERLLLNAENPRGTFLVRESETTKGAYCLSVSDFDNAKGLNVKHYKIRKLDSGGFYITSRTQFNSLQQLVAYYSKHADGLCHRLTTVCPTSKPQTQGLAKDAWEIPRESLRLEVKLGQGCFGEVWMGTWNGTTRVAIKTLKPGTMSPEAFLQEAQVMKKLRHEKLVQLYAVVSEEPIYIVTEYMSKGSLLDFLKGETGKYLRLPQLVDMAAQIASGMAYVERMNYVHRDLRAANILVGENLVCKVADFGLARLIEDNEYTARQGAKFPIKWTAPEAALYGRFTIKSDVWSFGILLTELTTKGRVPYPGMVNREVLDQVERGYRMPCPPECPESLHDLMCQCWRKEPEERPTFEYLQAFLEDYFTSTEPQYQPGENL
ENSP00000509238.1,KRAS,MTEYKLVVVGAGGVGKSALTIQLIQNHFVDEYDPTIEDSYRKQVVIDGETCLLDILDTAGQEEYSAMRDQYMRTGEGFLCVFAINNTKSFEDIHHYREQIKRVKDSEDVPMVLVGNKCDLPSRTVDTKQAQDLARSYGIPFIETSAKTRQRVEDAFYTLVREIRQYRLKKISKEEKTPGCVKIKKCIIM
ENSP00000262916.6,KCNQ4,MAEAPPRRLGLGPPPGDAPRAELVALTAVQSEQGEAGGGGSPRRLGLLGSPLPPGAPLPGPGSGSGSACGQRSSAAHKRYRRLQNWVYNVLERPRGWAFVYHVFIFLLVFSCLVLSVLSTIQEHQELANECLLILEFVMIVVFGLEYIVRVWSAGCCCRYRGWQGRFRFARKPFCVIDFIVFVASVAVIAAGTQGNIFATSALRSMRFLQILRMVRMDRRGGTWKLLGSVVYAHSKELITAWYIGFLVLIFASFLVYLAEKDANSDFSSYADSLWWGTITLTTIGYGDKTPHTWLGRVLAAGFALLGISFFALPAGILGSGFALKVQEQHRQKHFEKRRMPAANLIQAAWRLYSTDMSRAYLTATWYYYDSILPSFRELALLFEHVQRARNGGLRPLEVRRAPVPDGAPSRYPPVATCHRPGSTSFCPGESSRMGIKDRIRMGSSQRRTGPSKQHLAPPTMPTSPSSEQVGEATSPTKVQKSWSFNDRTRFRASLRLKPRTSAEDAPSEEVAEEKSYQCELTVDDIMPAVKTVIRSIRILKFLVAKRKFKETLRPYDVKDVIEQYSAGHLDMLGRIKSLQTRVDQIVGRGPGDRKAREKGDKGPSDAEVVDEISMMGRVVKVEKQVQSIEHKLDLLLGFYSRCLRSGTSASLGAVQVPLFDPDITSDYHSPVDHEDISVSAQTLSISRSVSTNMD
ENSP00000311083.5,CKS1B,MSHKQIYYSDKYDDEEFEYRHVMLPKDIAKLVPKTHLMSESEWRNLGVQQSQGWVHYMIHEPEPHILLFRRPLPKKPKK
ENSP00000355001.2,POU3F3,MATAASNPYLPGNSLLAAGSIVHSDAAGAGGGGGGGGGGGGGGAGGGGGGMQPGSAAVTSGAYRGDPSSVKMVQSDFMQGAMAASNGGHMLSHAHQWVTALPHAAAAAAAAAAAAVEASSPWSGSAVGMAGSPQQPPQPPPPPPQGPDVKGGAGRDDLHAGTALHHRGPPHLGPPPPPPHQGHPGGWGAAAAAAAAAAAAAAAAHLPSMAGGQQPPPQSLLYSQPGGFTVNGMLSAPPGPGGGGGGAGGGAQSLVHPGLVRGDTPELAEHHHHHHHHAHPHPPHPHHAQGPPHHGGGGGGAGPGLNSHDPHSDEDTPTSDDLEQFAKQFKQRRIKLGFTQADVGLALGTLYGNVFSQTTICRFEALQLSFKNMCKLKPLLNKWLEEADSSTGSPTSIDKIAAQGRKRKKRTSIEVSVKGALESHFLKCPKPSAQEITNLADSLQLEKEVVRVWFCNRRQKEKRMTPPGIQQQTPDDVYSQVGTVSADTPPPHHGLQTSVQ
ENSP00000392028.1,CHD7,MADPGMMSLFGEDGNIFSEGLEGLGECGYPENPVNPMGQQMPIDQGFASLQPSLHHPSTNQNQTKLTHFDHYNQYEQQKMHLMDQPNRMMSNTPGNGLASPHSQYHTPPVPQVPHGGSGGGQMGVYPGMQNERHGQSFVDSSSMWGPRAVQVPDQIRAPYQQQQPQPQPPQPAPSGPPAQGHPQHMQQMGSYMARGDFSMQQHGQPQQRMSQFSQGQEGLNQGNPFIATSGPGHLSHVPQQSPSMAPSLRHSVQQFHHHPSTALHGESVAHSPRFSPNPPQQGAVRPQTLNFSSRSQTVPSPTINNSGQYSRYPYSNLNQGLVNNTGMNQNLGLTNNTPMNQSVPRYPNAVGFPSNSGQGLMHQQPIHPSGSLNQMNTQTMHPSQPQGTYASPPPMSPMKAMSNPAGTPPPQVRPGSAGIPMEVGSYPNMPHPQPSHQPPGAMGIGQRNMGPRNMQQSRPFIGMSSAPRELTGHMRPNGCPGVGLGDPQAIQERLIPGQQHPGQQPSFQQLPTCPPLQPHPGLHHQSSPPHPHHQPWAQLHPSPQNTPQKVPVHQHSPSEPFLEKPVPDMTQVSGPNAQLVKSDDYLPSIEQQPQQKKKKKKNNHIVAEDPSKGFGKDDFPGGVDNQELNRNSLDGSQEEKKKKKRSKAKKDPKEPKEPKEKKEPKEPKTPKAPKIPKEPKEKKAKTATPKPKSSKKSSNKKPDSEASALKKKVNKGKTEGSENSDLDKTPPPSPPPEEDEDPGVQKRRSSRQVKRKRYTEDLEFKISDEEADDADAAGRDSPSNTSQSEQQESVDAEGPVVEKIMSSRSVKKQKESGEEVEIEEFYVKYKNFSYLHCQWASIEDLEKDKRIQQKIKRFKAKQGQNKFLSEIEDELFNPDYVEVDRIMDFARSTDDRGEPVTHYLVKWCSLPYEDSTWERRQDIDQAKIEEFEKLMSREPETERVERPPADDWKKSESSREYKNNNKLREYQLEGVNWLLFNWYNMRNCILADEMGLGKTIQSITFLYEIYLKGIHGPFLVIAPLSTIPNWEREFRTWTELNVVVYHGSQASRRTIQLYEMYFKDPQGRVIKGSYKFHAIITTFEMILTDCPELRNIPWRCVVIDEAHRLKNRNCKLLEGLKMMDLEHKVLLTGTPLQNTVEELFSLLHFLEPSRFPSETTFMQEFGDLKTEEQVQKLQAILKPMMLRRLKEDVEKNLAPKEETIIEVELTNIQKKYYRAILEKNFTFLSKGGGQANVPNLLNTMMELRKCCNHPYLINGAEEKILEEFKETHNAESPDFQLQAMIQAAGKLVLIDKLLPKLKAGGHRVLIFSQMVRCLDILEDYLIQRRYPYERIDGRVRGNLRQAAIDRFSKPDSDRFVFLLCTRAGGLGINLTAADTCIIFDSDWNPQNDLQAQARCHRIGQSKSVKIYRLITRNSYEREMFDKASLKLGLDKAVLQSMSGRENATNGVQQLSKKEIEDLLRKGAYGALMDEEDEGSKFCEEDIDQILLRRTHTITIESEGKGSTFAKASFVASGNRTDISLDDPNFWQKWAKKAELDIDALNGRNNLVIDTPRVRKQTRLYSAVKEDELMEFSDLESDSEEKPCAKPRRPQDKSQGYARSECFRVEKNLLVYGWGRWTDILSHGRYKRQLTEQDVETICRTILVYCLNHYKGDENIKSFIWDLITPTADGQTRALVNHSGLSAPVPRGRKGKKVKAQSTQPVVQDADWLASCNPDALFQEDSYKKHLKHHCNKVLLRVRMLYYLRQEVIGDQADKILEGADSSEADVWIPEPFHAEVPADWWDKEADKSLLIGVFKHGYEKYNSMRADPALCFLERVGMPDAKAIAAEQRGTDMLADGGDGGEFDREDEDPEYKPTRTPFKDEIDEFANSPSEDKEESMEIHATGKHSESNAELGQLYWPNTSTLTTRLRRLITAYQRSYKRQQMRQEALMKTDRRRRRPREEVRALEAEREAIISEKRQKWTRREEADFYRVVSTFGVIFDPVKQQFDWNQFRAFARLDKKSDESLEKYFSCFVAMCRRVCRMPVKPDDEPPDLSSIIEPITEERASRTLYRIELLRKIREQVLHHPQLGERLKLCQPSLDLPEWWECGRHDRDLLVGAAKHGVSRTDYHILNDPELSFLDAHKNFAQNRGAGNTSSLNPLAVGFVQTPPVISSAHIQDERVLEQAEGKVEEPENPAAKEKCEGKEEEEETDGSGKESKQECEAEASSVKNELKGVEVGADTGSKSISEKGSEEDEEEKLEDDDKSEESSQPEAGAVSRGKNFDEESNASMSTARDETRDGFYMEDGDPSVAQLLHERTFAFSFWPKDRVMINRLDNICEAVLKGKWPVNRRQMFDFQGLIPGYTPTTVDSPLQKRSFAELSMVGQASISGSEDITTSPQLSKEDALNLSVPRQRRRRRRKIEIEAERAAKRRNLMEMVAQLRESQVVSENGQEKVVDLSKASREATSSTSNFSSLSSKFILPNVSTPVSDAFKTQMELLQAGLSRTPTRHLLNGSLVDGEPPMKRRRGRRKNVEGLDLLFMSHKRTSLSAEDAEVTKAFEEDIETPPTRNIPSPGQLDPDTRIPVINLEDGTRLVGEDAPKNKDLVEWLKLHPTYTVDMPSYVPKNADVLFSSFQKPKQKRHRCRNPNKLDINTLTGEERVPVVNKRNGKKMGGAMAPPMKDLPRWLEENPEFAVAPDWTDIVKQSGFVPESMFDRLLTGPVVRGEGASRRGRRPKSEIARAAAAAAAVASTSGINPLLVNSLFAGMDLTSLQNLQNLQSLQLAGLMGFPPGLATAATAGGDAKNPAAVLPLMLPGMAGLPNVFGLGGLLNNPLSAATGNTTTASSQGEPEDSTSKGEEKGNENEDENKDSEKSTDAVSAADSANGSVGAATAPAGLPSNPLAFNPFLLSTMAPGLFYPSMFLPPGLGGLTLPGFPALAGLQNAVGSSEEKAADKAEGGPFKDGETLEGSDAEESLDKTAESSLLEDEIAQGEELDSLDGGDEIENNENDE
ENSP00000366179.3,DNAJC1,MTAPCSQPAQLPGRRQLGLVPFPPPPPRTPLLWLLLLLLAAVAPARGWESGDLELFDLVEEVQLNFYQFLGVQQDASSADIRKAYRKLSLTLHPDKNKDENAETQFRQLVAIYEVLKDDERRQRYDDILINGLPDWRQPVFYYRRVRKMSNAELALLLFIILTVGHYAVVWSIYLEKQLDELLSRKKREKKKKTGSKSVDVSKLGASEKNERLLMKPQWHDLLPCKLGIWFCLTLKALPHLIQDAGQFYAKYKETRLKEKEDALTRTELETLQKQKKVKKPKPEFPVYTPLETTYIQSYDHGTSIEEIEEQMDDWLENRNRTQKKQAPEWTEEDLSQLTRSMVKFPGGTPGRWEKIAHELGRSVTDVTTKAKQLKDSVTCSPGMVRLSELKSTVQNSRPIKTATTLPDDMITQREDAEGVAAEEEQEGDSGEQETGATDARPRRRKPARLLEATAKPEPEEKSRAKRQKDFDIAEQNESSDEESLRKERARSAEEPWTQNQQKLLELALQQYPRGSSDRWDKIARCVPSKSKEDCIARYKLLVELVQKKKQAKS
ENSP00000244745.1,SOX4,MVQQTNNAENTEALLAGESSDSGAGLELGIASSPTPGSTASTGGKADDPSWCKTPSGHIKRPMNAFMVWSQIERRKIMEQSPDMHNAEISKRLGKRWKLLKDSDKIPFIREAERLRLKHMADYPDYKYRPRKKVKSGNANSSSSAAASSKPGEKGDKVGGSGGGGHGGGGGGGSSNAGGGGGGASGGGANSKPAQKKSCGSKVAGGAGGGVSKPHAKLILAGGGGGGKAAAAAAASFAAEQAGAAALLPLGAAADHHSLYKARTPSASASASSAASASAALAAPGKHLAEKKVKRVYLFGGLGTSSSPVGGVGAGADPSDPLGLYEEEGAGCSPDAPSLSGRSSAASSPAAGRSPADHRGYASLRAASPAPSSAPSHASSSASSHSSSSSSSGSSSSDDEFEDDLLDLNPSSNFESMSLGSFSSSSALDRDLDFNFEPGSGSHFEFPDYCTPEVSEMISGDWLESSISNLVFTY
ENSP00000357631.4,TCERG1L,MQAGARFQRRRRQLQQQQPRRRQPLLWPMDAEPPPPPPWVWMVPGSAGLLRLSAGVVVPPVLLASAPPPAAPLLPGLPGWPAPSEPVLPLLPLPSAPDSAAAAAAHPFPALHGQWLFGGHSPSLGLPPSSTVELVPVFPHLCPSALATPIGKSWIDKRIPNCKIFFNNSFALDSTWIHPEESRFFHGHEKPRLLANQVAVSLSRPAPASRPLPTVVLAPQPIPGGCHNSLKVTSSPAIAIATAAAAAMVSVDPENLRGPSPSSVQPRHFLTLAPIKIPLRTSPVSDTRTERGRVARPPALMLRAQKSRDGDKEDKEPPPMLGGGEDSTARGNRPVASTPVPGSPWCVVWTGDDRVFFFNPTMHLSVWEKPMDLKDRGDLNRIIEDPPHKRKLEAPATDNSDGSSSEDNREDQDVKTKRNRTEGCGSPKPEEAKREDKGTRTPPPQILLPLEERVTHFRDMLLERGVSAFSTWEKELHKIVFDPRYLLLNSEERKQIFEQFVKTRIKEEYKEKKSKLLLAKEEFKKLLEESKVSPRTTFKEFAEKYGRDQRFRLVQKRKDQEHFFNQFILILKKRDKENRLRLRKMR
ENSP00000218099.2,F9,MQRVNMIMAESPGLITICLLGYLLSAECTVFLDHENANKILNRPKRYNSGKLEEFVQGNLERECMEEKCSFEEAREVFENTERTTEFWKQYVDGDQCESNPCLNGGSCKDDINSYECWCPFGFEGKNCELDVTCNIKNGRCEQFCKNSADNKVVCSCTEGYRLAENQKSCEPAVPFPCGRVSVSQTSKLTRAETVFPDVDYVNSTEAETILDNITQSTQSFNDFTRVVGGEDAKPGQFPWQVVLNGKVDAFCGGSIVNEKWIVTAAHCVETGVKITVVAGEHNIEETEHTEQKRNVIRIIPHHNYNAAINKYNHDIALLELDEPLVLNSYVTPICIADKEYTNIFLKFGSGYVSGWGRVFHKGRSALVLQYLRVPLVDRATCLRSTKFTIYNNMFCAGFHEGGRDSCQGDSGGPHVTEVEGTSFLTGIISWGEECAMKGKYGIYTKVSRYVNWIKEKTKLT
ENSP00000281321.3,POU4F2,MMMMSLNSKQAFSMPHGGSLHVEPKYSALHSTSPGSSAPIAPSASSPSSSSNAGGGGGGGGGGGGGGGRSSSSSSSGSSGGGGSEAMRRACLPTPPSNIFGGLDESLLARAEALAAVDIVSQSKSHHHHPPHHSPFKPDATYHTMNTIPCTSAASSSSVPISHPSALAGTHHHHHHHHHHHHQPHQALEGELLEHLSPGLALGAMAGPDGAVVSTPAHAPHMATMNPMHQAALSMAHAHGLPSHMGCMSDVDADPRDLEAFAERFKQRRIKLGVTQADVGSALANLKIPGVGSLSQSTICRFESLTLSHNNMIALKPILQAWLEEAEKSHREKLTKPELFNGAEKKRKRTSIAAPEKRSLEAYFAIQPRPSSEKIAAIAEKLDLKKNVVRVWFCNQRQKQKRMKYSAGI
ENSP00000366413.4,POU4F1,MMSMNSKQPHFAMHPTLPEHKYPSLHSSSEAIRRACLPTPPLQSNLFASLDETLLARAEALAAVDIAVSQGKSHPFKPDATYHTMNSVPCTSTSTVPLAHHHHHHHHHQALEPGDLLDHISSPSLALMAGAGGAGAAAGGGGAHDGPGGGGGPGGGGGPGGGPGGGGGGGPGGGGGGPGGGLLGGSAHPHPHMHSLGHLSHPAAAAAMNMPSGLPHPGLVAAAAHHGAAAAAAAAAAGQVAAASAAAAVVGAAGLASICDSDTDPRELEAFAERFKQRRIKLGVTQADVGSALANLKIPGVGSLSQSTICRFESLTLSHNNMIALKPILQAWLEEAEGAQREKMNKPELFNGGEKKRKRTSIAAPEKRSLEAYFAVQPRPSSEKIAAIAEKLDLKKNVVRVWFCNQRQKQKRMKFSATY
ENSP00000415433.2,INTS12,MAATVNLELDPIFLKALGFLHSKSKDSAEKLKALLDESLARGIDSSYRPSQKDVEPPKISSTKNISIKQEPKISSSLPSGNNNGKVLTTEKVKKEAEKRPADKMKSDITEGVDIPKKPRLEKPETQSSPITVQSSKDLPMADLSSFEETSADDFAMEMGLACVVCRQMMVASGNQLVECQECHNLYHRDCHKPQVTDKEANDPRLVWYCARCTRQMKRMAQKTQKPPQKPAPAVVSVTPAVKDPLVKKPETKLKQETTFLAFKRTEVKTSTVISGNSSSASVSSSVTSGLTGWAAFAAKTSSAGPSTAKLSSTTQNNTGKPATSSANQKPVGLTGLATSSKGGIGSKIGSNNSTTPTVPLKPPPPLTLGKTGLSRSVSCDNVSKVGLPSPSSLVPGSSSQLSGNGNSGTSGPSGSTTSKTTSESSSSPSASLKGPTSQESQLNAMKRLQMVKKKAAQKKLKK
ENSP00000341021.2,NANOS2,MQLPPFDMWKDYFNLSQVVWALIASRGQRLETQEIEEPSPGPPLGQDQGLGAPGANGGLGTLCNFCKHNGESRHVYSSHQLKTPDGVVVCPILRHYVCPVCGATGDQAHTLKYCPLNGGQQSLYRRSGRNSAGRRVKR
ENSP00000372547.1,SRY,MQSYASAMLSVFNSDDYSPAVQENIPALRRSSSFLCTESCNSKYQCETGENSKGNVQDRVKRPMNAFIVWSRDQRRKMALENPRMRNSEISKQLGYQWKMLTEAEKWPFFQEAQKLQAMHREKYPNYKYRPRRKAKMLPKNCSLLPADPASVLCSEVQLDNRLYRDDCTKATHSRMEHQLGHLPPINAASSPQQRDRYSHWTKL
ENSP00000493738.1,CIDEB,MEYLSALNPSDLLRSVSNISSEFGRRVWTSAPPPQRPFRVCDHKRTIRKGLTAATRQELLAKALETLLLNGVLTLVLEEDGTAVDSEDFFQLLEDDTCLMVLQSGQSWSPTRSGVLSYGLGRERPKHSKDIARFTFDVYKQNPRDLFGSLNVKATFYGLYSMSCDFQGLGPKKVLRELLRWTSTLLQGLGHMLLGISSTLRHAVEGAEQWQQKGRLHSY
ENSP00000341815.7,SOX18,MQRSPPGYGAQDDPPARRDCAWAPGHGAAADTRGLAAGPAALAAPAAPASPPSPQRSPPRSPEPGRYGLSPAGRGERQAADESRIRRPMNAFMVWAKDERKRLAQQNPDLHNAVLSKMLGKAWKELNAAEKRPFVEEAERLRVQHLRDHPNYKYRPRRKKQARKARRLEPGLLLPGLAPPQPPPEPFPAASGSARAFRELPPLGAEFDGLGLPTPERSPLDGLEPGEAAFFPPPAAPEDCALRPFRAPYAPTELSRDPGGCYGAPLAEALRTAPPAAPLAGLYYGTLGTPGPYPGPLSPPPEAPPLESAEPLGPAADLWADVDLTEFDQYLNCSRTRPDAPGLPYHVALAKLGPRAMSCPEESSLISALSDASSAVYYSACISG
ENSP00000467264.1,ELOF1,MGRRKSKRKPPPKKKMTGTLETQFTCPFCNHEKSCDVKMDRARNTGVISCTVCLEEFQTPITYLSEPVDVYSDWIDACEAANQ
